"Year","County","Race","Rate"
2011,"ALAMANCE","B",5.88235294117647
2011,"ALAMANCE","H",2.77777777777778
2011,"ALAMANCE","N",0
2011,"ALAMANCE","O",0
2011,"ALAMANCE","W",8.66738894907909
2011,"ALEXANDER","B",76.9230769230769
2011,"ALEXANDER","H",0
2011,"ALEXANDER","N",0
2011,"ALEXANDER","O",0
2011,"ALEXANDER","W",3.55871886120996
2011,"ALLEGHANY","H",0
2011,"ALLEGHANY","W",0
2011,"ANSON","B",0
2011,"ANSON","H",0
2011,"ANSON","N",0
2011,"ANSON","O",0
2011,"ANSON","W",10.3092783505155
2011,"ASHE","B",0
2011,"ASHE","H",0
2011,"ASHE","W",0
2011,"AVERY","B",0
2011,"AVERY","H",0
2011,"AVERY","O",0
2011,"AVERY","W",24.390243902439
2011,"BEAUFORT","B",13.2450331125828
2011,"BEAUFORT","H",0
2011,"BEAUFORT","N",0
2011,"BEAUFORT","W",4.0650406504065
2011,"BERTIE","B",0
2011,"BERTIE","H",0
2011,"BERTIE","N",0
2011,"BERTIE","O",0
2011,"BERTIE","W",0
2011,"BRUNSWICK","B",7.2992700729927
2011,"BRUNSWICK","H",0
2011,"BRUNSWICK","N",0
2011,"BRUNSWICK","O",0
2011,"BRUNSWICK","W",8.89453621346887
2011,"BUNCOMBE","B",5.0251256281407
2011,"BUNCOMBE","H",3.87596899224806
2011,"BUNCOMBE","N",0
2011,"BUNCOMBE","O",0
2011,"BUNCOMBE","W",5.44015825914936
2011,"BURKE","B",22.7272727272727
2011,"BURKE","H",9.80392156862745
2011,"BURKE","N",0
2011,"BURKE","O",0
2011,"BURKE","W",7.65696784073507
2011,"CABARRUS","B",2.76243093922652
2011,"CABARRUS","H",4.92610837438424
2011,"CABARRUS","N",0
2011,"CABARRUS","O",0
2011,"CABARRUS","W",4.90883590462833
2011,"CALDWELL","B",0
2011,"CALDWELL","H",13.5135135135135
2011,"CALDWELL","N",0
2011,"CALDWELL","O",0
2011,"CALDWELL","W",5.88235294117647
2011,"CAMDEN","B",0
2011,"CAMDEN","H",0
2011,"CAMDEN","O",0
2011,"CAMDEN","W",22.2222222222222
2011,"CARTERET","B",0
2011,"CARTERET","H",21.7391304347826
2011,"CARTERET","N",0
2011,"CARTERET","O",0
2011,"CARTERET","W",5.75815738963532
2011,"CASWELL","B",38.4615384615385
2011,"CASWELL","H",0
2011,"CASWELL","W",16
2011,"CATAWBA","B",16.1290322580645
2011,"CATAWBA","H",10.6382978723404
2011,"CATAWBA","N",0
2011,"CATAWBA","O",0
2011,"CATAWBA","W",2.55536626916525
2011,"CHATHAM","B",0
2011,"CHATHAM","H",10
2011,"CHATHAM","O",0
2011,"CHATHAM","W",8.24175824175824
2011,"CHEROKEE","B",0
2011,"CHEROKEE","H",0
2011,"CHEROKEE","N",285.714285714286
2011,"CHEROKEE","O",0
2011,"CHEROKEE","W",5.05050505050505
2011,"CHOWAN","B",37.037037037037
2011,"CHOWAN","H",0
2011,"CHOWAN","W",0
2011,"CLAY","H",0
2011,"CLAY","O",0
2011,"CLAY","W",16.3934426229508
2011,"CLEVELAND","B",23.3333333333333
2011,"CLEVELAND","H",0
2011,"CLEVELAND","N",0
2011,"CLEVELAND","O",0
2011,"CLEVELAND","W",8.48656294200849
2011,"COLUMBUS","B",12.6050420168067
2011,"COLUMBUS","H",0
2011,"COLUMBUS","N",0
2011,"COLUMBUS","O",0
2011,"COLUMBUS","W",9.1743119266055
2011,"CRAVEN","B",9.61538461538462
2011,"CRAVEN","H",6.06060606060606
2011,"CRAVEN","N",0
2011,"CRAVEN","O",0
2011,"CRAVEN","W",7.48362956033676
2011,"CUMBERLAND","B",9.9304865938431
2011,"CUMBERLAND","H",3.70828182941904
2011,"CUMBERLAND","N",9.1743119266055
2011,"CUMBERLAND","O",0
2011,"CUMBERLAND","W",6.86106346483705
2011,"CURRITUCK","B",0
2011,"CURRITUCK","H",0
2011,"CURRITUCK","O",0
2011,"CURRITUCK","W",22.9885057471264
2011,"DARE","B",0
2011,"DARE","H",19.2307692307692
2011,"DARE","N",0
2011,"DARE","O",0
2011,"DARE","W",0
2011,"DAVIDSON","B",5.78034682080925
2011,"DAVIDSON","H",0
2011,"DAVIDSON","N",0
2011,"DAVIDSON","O",0
2011,"DAVIDSON","W",6.28436763550668
2011,"DAVIE","B",0
2011,"DAVIE","H",0
2011,"DAVIE","O",0
2011,"DAVIE","W",9.96677740863787
2011,"DUPLIN","B",5.37634408602151
2011,"DUPLIN","H",0
2011,"DUPLIN","N",0
2011,"DUPLIN","O",0
2011,"DUPLIN","W",6.28930817610063
2011,"DURHAM","B",13.0813953488372
2011,"DURHAM","H",3.2258064516129
2011,"DURHAM","N",0
2011,"DURHAM","O",0
2011,"DURHAM","W",3.77595972309629
2011,"EDGECOMBE","B",6.8649885583524
2011,"EDGECOMBE","H",0
2011,"EDGECOMBE","O",0
2011,"EDGECOMBE","W",18.0722891566265
2011,"FORSYTH","B",17.1606864274571
2011,"FORSYTH","H",6.92383778437191
2011,"FORSYTH","N",0
2011,"FORSYTH","O",0
2011,"FORSYTH","W",7.96999531176746
2011,"FRANKLIN","B",12.7388535031847
2011,"FRANKLIN","H",0
2011,"FRANKLIN","N",0
2011,"FRANKLIN","O",0
2011,"FRANKLIN","W",7.44416873449132
2011,"GASTON","B",8.35073068893528
2011,"GASTON","H",0
2011,"GASTON","N",0
2011,"GASTON","O",25.6410256410256
2011,"GASTON","W",4.54029511918275
2011,"GATES","B",0
2011,"GATES","H",0
2011,"GATES","N",0
2011,"GATES","W",0
2011,"GRAHAM","B",0
2011,"GRAHAM","H",0
2011,"GRAHAM","N",0
2011,"GRAHAM","W",0
2011,"GRANVILLE","B",0
2011,"GRANVILLE","H",28.169014084507
2011,"GRANVILLE","N",0
2011,"GRANVILLE","O",0
2011,"GRANVILLE","W",6.55737704918033
2011,"GREENE","B",13.1578947368421
2011,"GREENE","H",0
2011,"GREENE","N",0
2011,"GREENE","W",11.6279069767442
2011,"GUILFORD","B",12.8369704749679
2011,"GUILFORD","H",6.83060109289617
2011,"GUILFORD","N",0
2011,"GUILFORD","O",0
2011,"GUILFORD","W",3.94632991318074
2011,"HALIFAX","B",22.7920227920228
2011,"HALIFAX","H",0
2011,"HALIFAX","N",0
2011,"HALIFAX","O",0
2011,"HALIFAX","W",5.98802395209581
2011,"HARNETT","B",14.6198830409357
2011,"HARNETT","H",7.16845878136201
2011,"HARNETT","N",0
2011,"HARNETT","O",0
2011,"HARNETT","W",3.71057513914657
2011,"HAYWOOD","B",0
2011,"HAYWOOD","H",0
2011,"HAYWOOD","N",0
2011,"HAYWOOD","O",0
2011,"HAYWOOD","W",0
2011,"HENDERSON","B",0
2011,"HENDERSON","H",9.85221674876847
2011,"HENDERSON","N",0
2011,"HENDERSON","O",0
2011,"HENDERSON","W",1.26103404791929
2011,"HERTFORD","B",7.19424460431655
2011,"HERTFORD","H",0
2011,"HERTFORD","N",0
2011,"HERTFORD","O",0
2011,"HERTFORD","W",15.625
2011,"HOKE","B",8.62068965517241
2011,"HOKE","H",5.74712643678161
2011,"HOKE","N",13.5135135135135
2011,"HOKE","O",47.6190476190476
2011,"HOKE","W",6.08519269776876
2011,"HYDE","B",125
2011,"HYDE","H",0
2011,"HYDE","W",64.5161290322581
2011,"IREDELL","B",8.29875518672199
2011,"IREDELL","H",5.31914893617021
2011,"IREDELL","N",0
2011,"IREDELL","O",0
2011,"IREDELL","W",3.99680255795364
2011,"JACKSON","B",0
2011,"JACKSON","H",0
2011,"JACKSON","N",0
2011,"JACKSON","O",0
2011,"JACKSON","W",18.1818181818182
2011,"JOHNSTON","B",14.6198830409357
2011,"JOHNSTON","H",6.03621730382294
2011,"JOHNSTON","N",0
2011,"JOHNSTON","O",0
2011,"JOHNSTON","W",3.61271676300578
2011,"JONES","B",78.9473684210526
2011,"JONES","H",0
2011,"JONES","N",0
2011,"JONES","O",1000
2011,"JONES","W",0
2011,"LEE","B",30.8641975308642
2011,"LEE","H",7.8740157480315
2011,"LEE","N",0
2011,"LEE","O",100
2011,"LEE","W",10.3359173126615
2011,"LENOIR","B",3.24675324675325
2011,"LENOIR","H",0
2011,"LENOIR","N",0
2011,"LENOIR","O",0
2011,"LENOIR","W",7.8125
2011,"LINCOLN","B",93.0232558139535
2011,"LINCOLN","H",0
2011,"LINCOLN","N",0
2011,"LINCOLN","O",0
2011,"LINCOLN","W",6.06980273141123
2011,"MACON","B",0
2011,"MACON","H",0
2011,"MACON","N",0
2011,"MACON","O",0
2011,"MACON","W",16.3265306122449
2011,"MADISON","H",0
2011,"MADISON","O",0
2011,"MADISON","W",11.8343195266272
2011,"MARTIN","B",0
2011,"MARTIN","H",0
2011,"MARTIN","N",0
2011,"MARTIN","O",0
2011,"MARTIN","W",0
2011,"McDOWELL","B",0
2011,"McDOWELL","H",0
2011,"McDOWELL","N",0
2011,"McDOWELL","O",0
2011,"McDOWELL","W",7.75193798449612
2011,"MECKLENBURG","B",10.7602339181287
2011,"MECKLENBURG","H",4.68566966028895
2011,"MECKLENBURG","N",0
2011,"MECKLENBURG","O",1.93610842207164
2011,"MECKLENBURG","W",3.48250043531255
2011,"MITCHELL","B",0
2011,"MITCHELL","H",0
2011,"MITCHELL","W",0
2011,"MONTGOMERY","B",32.7868852459016
2011,"MONTGOMERY","H",31.25
2011,"MONTGOMERY","N",0
2011,"MONTGOMERY","O",111.111111111111
2011,"MONTGOMERY","W",0
2011,"MOORE","B",23.6686390532544
2011,"MOORE","H",0
2011,"MOORE","N",0
2011,"MOORE","O",47.6190476190476
2011,"MOORE","W",3.1104199066874
2011,"NASH","B",14.7058823529412
2011,"NASH","H",0
2011,"NASH","N",0
2011,"NASH","O",0
2011,"NASH","W",0
2011,"NEW HANOVER","B",4.72813238770686
2011,"NEW HANOVER","H",4.01606425702811
2011,"NEW HANOVER","N",90.9090909090909
2011,"NEW HANOVER","O",0
2011,"NEW HANOVER","W",3.31564986737401
2011,"NORTHAMPTON","B",8.7719298245614
2011,"NORTHAMPTON","H",0
2011,"NORTHAMPTON","N",0
2011,"NORTHAMPTON","W",0
2011,"ONSLOW","B",9.41619585687382
2011,"ONSLOW","H",7.53295668549906
2011,"ONSLOW","N",0
2011,"ONSLOW","O",14.5985401459854
2011,"ONSLOW","W",6.41231163834562
2011,"ORANGE","B",26.0416666666667
2011,"ORANGE","H",5.12820512820513
2011,"ORANGE","N",0
2011,"ORANGE","O",0
2011,"ORANGE","W",2.61096605744125
2011,"PAMLICO","B",0
2011,"PAMLICO","H",0
2011,"PAMLICO","N",0
2011,"PAMLICO","O",0
2011,"PAMLICO","W",0
2011,"PASQUOTANK","B",11.7647058823529
2011,"PASQUOTANK","H",0
2011,"PASQUOTANK","N",0
2011,"PASQUOTANK","O",0
2011,"PASQUOTANK","W",4.67289719626168
2011,"PENDER","B",20.4081632653061
2011,"PENDER","H",13.3333333333333
2011,"PENDER","O",0
2011,"PENDER","W",0
2011,"PERQUIMANS","B",0
2011,"PERQUIMANS","H",0
2011,"PERQUIMANS","O",0
2011,"PERQUIMANS","W",11.9047619047619
2011,"PERSON","B",26.3157894736842
2011,"PERSON","H",0
2011,"PERSON","N",0
2011,"PERSON","O",0
2011,"PERSON","W",4.04858299595142
2011,"PITT","B",19.4174757281553
2011,"PITT","H",5.05050505050505
2011,"PITT","N",0
2011,"PITT","O",0
2011,"PITT","W",3.87221684414327
2011,"POLK","B",0
2011,"POLK","H",0
2011,"POLK","O",0
2011,"POLK","W",0
2011,"RANDOLPH","B",0
2011,"RANDOLPH","H",6.06060606060606
2011,"RANDOLPH","N",0
2011,"RANDOLPH","O",0
2011,"RANDOLPH","W",3.59712230215827
2011,"RICHMOND","B",28.0373831775701
2011,"RICHMOND","H",0
2011,"RICHMOND","N",0
2011,"RICHMOND","O",0
2011,"RICHMOND","W",6.49350649350649
2011,"ROBESON","B",19.438444924406
2011,"ROBESON","H",4
2011,"ROBESON","N",10.2695763799743
2011,"ROBESON","O",0
2011,"ROBESON","W",3.04878048780488
2011,"ROCKINGHAM","B",24.6913580246914
2011,"ROCKINGHAM","H",11.7647058823529
2011,"ROCKINGHAM","N",0
2011,"ROCKINGHAM","O",0
2011,"ROCKINGHAM","W",9.85221674876847
2011,"ROWAN","B",12.448132780083
2011,"ROWAN","H",0
2011,"ROWAN","N",0
2011,"ROWAN","O",0
2011,"ROWAN","W",5.73065902578797
2011,"RUTHERFORD","B",0
2011,"RUTHERFORD","H",0
2011,"RUTHERFORD","O",0
2011,"RUTHERFORD","W",10.8892921960073
2011,"SAMPSON","B",35.5329949238579
2011,"SAMPSON","H",6.6006600660066
2011,"SAMPSON","N",0
2011,"SAMPSON","O",0
2011,"SAMPSON","W",13.0718954248366
2011,"SCOTLAND","B",19.3236714975845
2011,"SCOTLAND","H",0
2011,"SCOTLAND","N",0
2011,"SCOTLAND","O",0
2011,"SCOTLAND","W",18.6335403726708
2011,"STANLY","B",12.0481927710843
2011,"STANLY","H",0
2011,"STANLY","N",0
2011,"STANLY","O",0
2011,"STANLY","W",2.03252032520325
2011,"STOKES","B",0
2011,"STOKES","H",0
2011,"STOKES","O",0
2011,"STOKES","W",13.6986301369863
2011,"SURRY","B",0
2011,"SURRY","H",0
2011,"SURRY","O",0
2011,"SURRY","W",11.9453924914676
2011,"SWAIN","H",125
2011,"SWAIN","N",13.1578947368421
2011,"SWAIN","O",0
2011,"SWAIN","W",18.1818181818182
2011,"TRANSYLVANIA","B",0
2011,"TRANSYLVANIA","H",0
2011,"TRANSYLVANIA","N",0
2011,"TRANSYLVANIA","O",0
2011,"TRANSYLVANIA","W",8.81057268722467
2011,"TYRELL","B",0
2011,"TYRELL","H",0
2011,"TYRELL","O",0
2011,"TYRELL","W",0
2011,"UNION","B",12.5391849529781
2011,"UNION","H",15.3508771929825
2011,"UNION","N",0
2011,"UNION","O",0
2011,"UNION","W",0.658327847267939
2011,"VANCE","B",9.3167701863354
2011,"VANCE","H",13.3333333333333
2011,"VANCE","N",0
2011,"VANCE","O",0
2011,"VANCE","W",0
2011,"WAKE","B",14.9094781682641
2011,"WAKE","H",4.64396284829721
2011,"WAKE","N",0
2011,"WAKE","O",8.45665961945032
2011,"WAKE","W",4.82363581549593
2011,"WARREN","B",0
2011,"WARREN","H",0
2011,"WARREN","N",0
2011,"WARREN","W",18.5185185185185
2011,"WASHINGTON","B",12.5
2011,"WASHINGTON","H",0
2011,"WASHINGTON","W",0
2011,"WATAUGA","B",0
2011,"WATAUGA","H",0
2011,"WATAUGA","N",0
2011,"WATAUGA","O",0
2011,"WATAUGA","W",3.15457413249211
2011,"WAYNE","B",19.4003527336861
2011,"WAYNE","H",6.5359477124183
2011,"WAYNE","N",0
2011,"WAYNE","O",0
2011,"WAYNE","W",8.57843137254902
2011,"WILKES","B",0
2011,"WILKES","H",25.974025974026
2011,"WILKES","N",0
2011,"WILKES","O",0
2011,"WILKES","W",10.6194690265487
2011,"WILSON","B",15.1515151515152
2011,"WILSON","H",0
2011,"WILSON","N",0
2011,"WILSON","O",0
2011,"WILSON","W",0
2011,"YANCEY","B",0
2011,"YANCEY","H",0
2011,"YANCEY","N",0
2011,"YANCEY","W",20.6896551724138
2012,"ALAMANCE","B",28.4090909090909
2012,"ALAMANCE","H",2.64550264550265
2012,"ALAMANCE","N",0
2012,"ALAMANCE","O",0
2012,"ALAMANCE","W",4.12371134020619
2012,"ALEXANDER","B",0
2012,"ALEXANDER","H",35.7142857142857
2012,"ALEXANDER","N",0
2012,"ALEXANDER","O",0
2012,"ALEXANDER","W",3.02114803625378
2012,"ALLEGHANY","B",0
2012,"ALLEGHANY","H",0
2012,"ALLEGHANY","W",0
2012,"ANSON","B",27.7777777777778
2012,"ANSON","H",0
2012,"ANSON","N",0
2012,"ANSON","O",0
2012,"ANSON","W",0
2012,"ASHE","H",0
2012,"ASHE","O",0
2012,"ASHE","W",8.58369098712446
2012,"AVERY","B",0
2012,"AVERY","H",0
2012,"AVERY","N",0
2012,"AVERY","W",7.69230769230769
2012,"BEAUFORT","B",7.40740740740741
2012,"BEAUFORT","H",0
2012,"BEAUFORT","N",0
2012,"BEAUFORT","O",0
2012,"BEAUFORT","W",10.5633802816901
2012,"BERTIE","B",24.7933884297521
2012,"BERTIE","H",0
2012,"BERTIE","N",0
2012,"BERTIE","O",0
2012,"BERTIE","W",0
2012,"BRUNSWICK","B",24.390243902439
2012,"BRUNSWICK","H",0
2012,"BRUNSWICK","N",0
2012,"BRUNSWICK","O",0
2012,"BRUNSWICK","W",8.89453621346887
2012,"BUNCOMBE","B",4.58715596330275
2012,"BUNCOMBE","H",3.81679389312977
2012,"BUNCOMBE","N",0
2012,"BUNCOMBE","O",0
2012,"BUNCOMBE","W",5.38687561214496
2012,"BURKE","B",0
2012,"BURKE","H",0
2012,"BURKE","N",0
2012,"BURKE","O",0
2012,"BURKE","W",6.06060606060606
2012,"CABARRUS","B",12.4688279301746
2012,"CABARRUS","H",2.59067357512953
2012,"CABARRUS","N",0
2012,"CABARRUS","O",0
2012,"CABARRUS","W",2.93255131964809
2012,"CALDWELL","B",0
2012,"CALDWELL","H",0
2012,"CALDWELL","N",0
2012,"CALDWELL","O",0
2012,"CALDWELL","W",8.87573964497041
2012,"CAMDEN","B",0
2012,"CAMDEN","H",0
2012,"CAMDEN","W",0
2012,"CARTERET","B",0
2012,"CARTERET","H",0
2012,"CARTERET","N",0
2012,"CARTERET","O",0
2012,"CARTERET","W",9.86193293885602
2012,"CASWELL","B",0
2012,"CASWELL","H",0
2012,"CASWELL","W",0
2012,"CATAWBA","B",10.752688172043
2012,"CATAWBA","H",0
2012,"CATAWBA","N",0
2012,"CATAWBA","O",7.19424460431655
2012,"CATAWBA","W",2.47729149463254
2012,"CHATHAM","B",0
2012,"CHATHAM","H",10.1522842639594
2012,"CHATHAM","N",0
2012,"CHATHAM","O",0
2012,"CHATHAM","W",5.89970501474926
2012,"CHEROKEE","B",0
2012,"CHEROKEE","H",0
2012,"CHEROKEE","N",0
2012,"CHEROKEE","O",0
2012,"CHEROKEE","W",5.20833333333333
2012,"CHOWAN","B",0
2012,"CHOWAN","H",0
2012,"CHOWAN","O",0
2012,"CHOWAN","W",15.3846153846154
2012,"CLAY","H",0
2012,"CLAY","N",0
2012,"CLAY","O",0
2012,"CLAY","W",0
2012,"CLEVELAND","B",22.3880597014925
2012,"CLEVELAND","H",19.6078431372549
2012,"CLEVELAND","O",0
2012,"CLEVELAND","W",1.33689839572193
2012,"COLUMBUS","B",0
2012,"COLUMBUS","H",31.7460317460317
2012,"COLUMBUS","N",0
2012,"COLUMBUS","O",0
2012,"COLUMBUS","W",0
2012,"CRAVEN","B",6.5359477124183
2012,"CRAVEN","H",6.62251655629139
2012,"CRAVEN","N",0
2012,"CRAVEN","O",0
2012,"CRAVEN","W",11.2570356472795
2012,"CUMBERLAND","B",15.2008686210641
2012,"CUMBERLAND","H",5.6980056980057
2012,"CUMBERLAND","N",0
2012,"CUMBERLAND","O",4.76190476190476
2012,"CUMBERLAND","W",3.77216144851
2012,"CURRITUCK","B",0
2012,"CURRITUCK","H",0
2012,"CURRITUCK","N",0
2012,"CURRITUCK","O",0
2012,"CURRITUCK","W",24.390243902439
2012,"DARE","B",0
2012,"DARE","H",0
2012,"DARE","O",0
2012,"DARE","W",7.49063670411985
2012,"DAVIDSON","B",47.9041916167665
2012,"DAVIDSON","H",9.56937799043062
2012,"DAVIDSON","N",0
2012,"DAVIDSON","O",23.2558139534884
2012,"DAVIDSON","W",9.70873786407767
2012,"DAVIE","B",0
2012,"DAVIE","H",0
2012,"DAVIE","O",0
2012,"DAVIE","W",5.93471810089021
2012,"DUPLIN","B",18.0722891566265
2012,"DUPLIN","H",3.584229390681
2012,"DUPLIN","N",0
2012,"DUPLIN","O",0
2012,"DUPLIN","W",6.94444444444444
2012,"DURHAM","B",19.0140845070423
2012,"DURHAM","H",2.19298245614035
2012,"DURHAM","N",0
2012,"DURHAM","O",3.59712230215827
2012,"DURHAM","W",2.41109101868596
2012,"EDGECOMBE","B",11.9047619047619
2012,"EDGECOMBE","H",0
2012,"EDGECOMBE","N",0
2012,"EDGECOMBE","O",0
2012,"EDGECOMBE","W",0
2012,"FORSYTH","B",14.8588410104012
2012,"FORSYTH","H",7.96019900497512
2012,"FORSYTH","N",0
2012,"FORSYTH","O",16.3934426229508
2012,"FORSYTH","W",7.98496946923438
2012,"FRANKLIN","B",16.8539325842697
2012,"FRANKLIN","H",0
2012,"FRANKLIN","N",0
2012,"FRANKLIN","O",0
2012,"FRANKLIN","W",12.987012987013
2012,"GASTON","B",19.1897654584222
2012,"GASTON","H",0
2012,"GASTON","N",0
2012,"GASTON","O",0
2012,"GASTON","W",8.63060989643268
2012,"GATES","B",0
2012,"GATES","H",0
2012,"GATES","W",0
2012,"GRAHAM","H",0
2012,"GRAHAM","N",0
2012,"GRAHAM","O",0
2012,"GRAHAM","W",12.8205128205128
2012,"GRANVILLE","B",12.1951219512195
2012,"GRANVILLE","H",0
2012,"GRANVILLE","O",0
2012,"GRANVILLE","W",6.2111801242236
2012,"GREENE","B",0
2012,"GREENE","H",0
2012,"GREENE","O",0
2012,"GREENE","W",0
2012,"GUILFORD","B",10.8378491037932
2012,"GUILFORD","H",6.35324015247776
2012,"GUILFORD","N",76.9230769230769
2012,"GUILFORD","O",0
2012,"GUILFORD","W",6.55469070053257
2012,"HALIFAX","B",17.4418604651163
2012,"HALIFAX","H",0
2012,"HALIFAX","N",0
2012,"HALIFAX","O",0
2012,"HALIFAX","W",5.37634408602151
2012,"HARNETT","B",16.3934426229508
2012,"HARNETT","H",7.54716981132075
2012,"HARNETT","N",0
2012,"HARNETT","O",0
2012,"HARNETT","W",7.54005655042413
2012,"HAYWOOD","B",90.9090909090909
2012,"HAYWOOD","H",0
2012,"HAYWOOD","N",0
2012,"HAYWOOD","O",250
2012,"HAYWOOD","W",4.0650406504065
2012,"HENDERSON","B",0
2012,"HENDERSON","H",0
2012,"HENDERSON","N",0
2012,"HENDERSON","O",0
2012,"HENDERSON","W",8.7719298245614
2012,"HERTFORD","B",14.4927536231884
2012,"HERTFORD","H",0
2012,"HERTFORD","N",0
2012,"HERTFORD","W",17.5438596491228
2012,"HOKE","B",4.76190476190476
2012,"HOKE","H",0
2012,"HOKE","N",24.6913580246914
2012,"HOKE","O",0
2012,"HOKE","W",6.6079295154185
2012,"HYDE","B",0
2012,"HYDE","H",0
2012,"HYDE","W",0
2012,"IREDELL","B",32.6530612244898
2012,"IREDELL","H",0
2012,"IREDELL","N",0
2012,"IREDELL","O",0
2012,"IREDELL","W",1.67644593461861
2012,"JACKSON","B",0
2012,"JACKSON","H",0
2012,"JACKSON","N",35.7142857142857
2012,"JACKSON","O",0
2012,"JACKSON","W",3.7593984962406
2012,"JOHNSTON","B",3.06748466257669
2012,"JOHNSTON","H",6.18556701030928
2012,"JOHNSTON","N",0
2012,"JOHNSTON","O",58.8235294117647
2012,"JOHNSTON","W",8.75912408759124
2012,"JONES","B",0
2012,"JONES","H",0
2012,"JONES","W",0
2012,"LEE","B",19.6078431372549
2012,"LEE","H",4.11522633744856
2012,"LEE","N",0
2012,"LEE","O",0
2012,"LEE","W",9.97506234413965
2012,"LENOIR","B",20.5479452054795
2012,"LENOIR","H",0
2012,"LENOIR","N",0
2012,"LENOIR","O",0
2012,"LENOIR","W",0
2012,"LINCOLN","B",0
2012,"LINCOLN","H",0
2012,"LINCOLN","N",0
2012,"LINCOLN","O",0
2012,"LINCOLN","W",6.55737704918033
2012,"MACON","B",0
2012,"MACON","H",0
2012,"MACON","N",0
2012,"MACON","O",0
2012,"MACON","W",0
2012,"MADISON","B",0
2012,"MADISON","H",0
2012,"MADISON","N",0
2012,"MADISON","O",0
2012,"MADISON","W",5.23560209424084
2012,"MARTIN","B",8.7719298245614
2012,"MARTIN","H",0
2012,"MARTIN","O",0
2012,"MARTIN","W",0
2012,"McDOWELL","B",0
2012,"McDOWELL","H",0
2012,"McDOWELL","N",0
2012,"McDOWELL","O",0
2012,"McDOWELL","W",5.08905852417303
2012,"MECKLENBURG","B",10.1763907734057
2012,"MECKLENBURG","H",3.4856700232378
2012,"MECKLENBURG","N",0
2012,"MECKLENBURG","O",4.67289719626168
2012,"MECKLENBURG","W",2.64970853206147
2012,"MITCHELL","B",0
2012,"MITCHELL","H",0
2012,"MITCHELL","N",0
2012,"MITCHELL","O",0
2012,"MITCHELL","W",0
2012,"MONTGOMERY","B",30.3030303030303
2012,"MONTGOMERY","H",0
2012,"MONTGOMERY","N",0
2012,"MONTGOMERY","O",0
2012,"MONTGOMERY","W",12.8205128205128
2012,"MOORE","B",13.0718954248366
2012,"MOORE","H",0
2012,"MOORE","N",0
2012,"MOORE","O",0
2012,"MOORE","W",1.48588410104012
2012,"NASH","B",12
2012,"NASH","H",14.8148148148148
2012,"NASH","N",0
2012,"NASH","O",0
2012,"NASH","W",6.75675675675676
2012,"NEW HANOVER","B",9.21658986175115
2012,"NEW HANOVER","H",0
2012,"NEW HANOVER","N",0
2012,"NEW HANOVER","O",0
2012,"NEW HANOVER","W",3.382949932341
2012,"NORTHAMPTON","B",14.2857142857143
2012,"NORTHAMPTON","H",0
2012,"NORTHAMPTON","W",0
2012,"ONSLOW","B",16.9172932330827
2012,"ONSLOW","H",9.19117647058824
2012,"ONSLOW","N",0
2012,"ONSLOW","O",25.2100840336134
2012,"ONSLOW","W",5.39169045353631
2012,"ORANGE","B",20.6185567010309
2012,"ORANGE","H",4.76190476190476
2012,"ORANGE","N",0
2012,"ORANGE","O",0
2012,"ORANGE","W",2.80898876404494
2012,"PAMLICO","B",0
2012,"PAMLICO","H",0
2012,"PAMLICO","N",0
2012,"PAMLICO","W",27.7777777777778
2012,"PASQUOTANK","B",7.63358778625954
2012,"PASQUOTANK","H",0
2012,"PASQUOTANK","O",0
2012,"PASQUOTANK","W",4.62962962962963
2012,"PENDER","B",12.6582278481013
2012,"PENDER","H",11.2359550561798
2012,"PENDER","N",0
2012,"PENDER","O",0
2012,"PENDER","W",2.45098039215686
2012,"PERQUIMANS","B",0
2012,"PERQUIMANS","H",0
2012,"PERQUIMANS","O",0
2012,"PERQUIMANS","W",12.1951219512195
2012,"PERSON","B",36.036036036036
2012,"PERSON","H",0
2012,"PERSON","N",0
2012,"PERSON","O",0
2012,"PERSON","W",0
2012,"PITT","B",19.4508009153318
2012,"PITT","H",0
2012,"PITT","N",100
2012,"PITT","O",0
2012,"PITT","W",6.9790628115653
2012,"POLK","B",0
2012,"POLK","H",0
2012,"POLK","W",0
2012,"RANDOLPH","B",9.70873786407767
2012,"RANDOLPH","H",0
2012,"RANDOLPH","N",0
2012,"RANDOLPH","O",54.0540540540541
2012,"RANDOLPH","W",7.75862068965517
2012,"RICHMOND","B",16.4835164835165
2012,"RICHMOND","H",0
2012,"RICHMOND","N",0
2012,"RICHMOND","O",0
2012,"RICHMOND","W",15.0943396226415
2012,"ROBESON","B",7.7720207253886
2012,"ROBESON","H",7.40740740740741
2012,"ROBESON","N",12.6903553299492
2012,"ROBESON","O",0
2012,"ROBESON","W",8.82352941176471
2012,"ROCKINGHAM","B",35.2941176470588
2012,"ROCKINGHAM","H",0
2012,"ROCKINGHAM","N",0
2012,"ROCKINGHAM","O",0
2012,"ROCKINGHAM","W",10.7692307692308
2012,"ROWAN","B",7.57575757575758
2012,"ROWAN","H",4.65116279069767
2012,"ROWAN","N",0
2012,"ROWAN","O",0
2012,"ROWAN","W",5.68181818181818
2012,"RUTHERFORD","B",14.0845070422535
2012,"RUTHERFORD","H",20.8333333333333
2012,"RUTHERFORD","N",0
2012,"RUTHERFORD","O",0
2012,"RUTHERFORD","W",3.7037037037037
2012,"SAMPSON","B",9.61538461538462
2012,"SAMPSON","H",3.35570469798658
2012,"SAMPSON","N",0
2012,"SAMPSON","O",0
2012,"SAMPSON","W",9.3167701863354
2012,"SCOTLAND","B",28.7081339712919
2012,"SCOTLAND","H",0
2012,"SCOTLAND","N",12.3456790123457
2012,"SCOTLAND","O",0
2012,"SCOTLAND","W",0
2012,"STANLY","B",19.2307692307692
2012,"STANLY","H",0
2012,"STANLY","N",0
2012,"STANLY","O",0
2012,"STANLY","W",6.47948164146868
2012,"STOKES","B",0
2012,"STOKES","H",0
2012,"STOKES","N",0
2012,"STOKES","O",0
2012,"STOKES","W",2.67379679144385
2012,"SURRY","B",0
2012,"SURRY","H",0
2012,"SURRY","N",0
2012,"SURRY","O",0
2012,"SURRY","W",5.00834724540901
2012,"SWAIN","B",0
2012,"SWAIN","H",0
2012,"SWAIN","N",11.7647058823529
2012,"SWAIN","O",0
2012,"SWAIN","W",11.1111111111111
2012,"TRANSYLVANIA","B",83.3333333333333
2012,"TRANSYLVANIA","H",0
2012,"TRANSYLVANIA","N",0
2012,"TRANSYLVANIA","O",0
2012,"TRANSYLVANIA","W",9.61538461538462
2012,"TYRELL","B",0
2012,"TYRELL","H",0
2012,"TYRELL","W",0
2012,"UNION","B",14.0845070422535
2012,"UNION","H",8.88888888888889
2012,"UNION","N",142.857142857143
2012,"UNION","O",0
2012,"UNION","W",2.67737617135207
2012,"VANCE","B",2.84090909090909
2012,"VANCE","H",0
2012,"VANCE","O",0
2012,"VANCE","W",13.4228187919463
2012,"WAKE","B",16.1290322580645
2012,"WAKE","H",3.58239508700102
2012,"WAKE","N",0
2012,"WAKE","O",4.03632694248234
2012,"WAKE","W",4.91174213353799
2012,"WARREN","B",9.70873786407767
2012,"WARREN","H",0
2012,"WARREN","N",0
2012,"WARREN","O",0
2012,"WARREN","W",22.2222222222222
2012,"WASHINGTON","B",0
2012,"WASHINGTON","H",0
2012,"WASHINGTON","O",0
2012,"WASHINGTON","W",0
2012,"WATAUGA","B",0
2012,"WATAUGA","H",0
2012,"WATAUGA","O",0
2012,"WATAUGA","W",0
2012,"WAYNE","B",18.0831826401447
2012,"WAYNE","H",0
2012,"WAYNE","N",0
2012,"WAYNE","O",0
2012,"WAYNE","W",8.35322195704057
2012,"WILKES","B",37.037037037037
2012,"WILKES","H",11.9047619047619
2012,"WILKES","N",0
2012,"WILKES","O",0
2012,"WILKES","W",7.00525394045534
2012,"WILSON","B",12.9533678756477
2012,"WILSON","H",17.4418604651163
2012,"WILSON","N",0
2012,"WILSON","O",66.6666666666667
2012,"WILSON","W",15.0602409638554
2012,"YANCEY","B",0
2012,"YANCEY","H",0
2012,"YANCEY","W",12.5786163522013
2013,"ALAMANCE","B",17.8571428571429
2013,"ALAMANCE","H",2.82485875706215
2013,"ALAMANCE","N",0
2013,"ALAMANCE","O",34.4827586206897
2013,"ALAMANCE","W",9.04522613065327
2013,"ALEXANDER","B",0
2013,"ALEXANDER","H",0
2013,"ALEXANDER","O",0
2013,"ALEXANDER","W",3.23624595469256
2013,"ALLEGHANY","H",0
2013,"ALLEGHANY","W",0
2013,"ANSON","B",27.027027027027
2013,"ANSON","H",0
2013,"ANSON","N",0
2013,"ANSON","O",0
2013,"ANSON","W",10.5263157894737
2013,"ASHE","H",0
2013,"ASHE","W",13.6363636363636
2013,"AVERY","B",0
2013,"AVERY","H",0
2013,"AVERY","N",0
2013,"AVERY","O",0
2013,"AVERY","W",7.5187969924812
2013,"BEAUFORT","B",12.1951219512195
2013,"BEAUFORT","H",0
2013,"BEAUFORT","O",0
2013,"BEAUFORT","W",12.6050420168067
2013,"BERTIE","B",16.1290322580645
2013,"BERTIE","H",0
2013,"BERTIE","O",0
2013,"BERTIE","W",0
2013,"BRUNSWICK","B",6.99300699300699
2013,"BRUNSWICK","H",0
2013,"BRUNSWICK","N",0
2013,"BRUNSWICK","O",0
2013,"BRUNSWICK","W",9.43396226415094
2013,"BUNCOMBE","B",22.5225225225225
2013,"BUNCOMBE","H",3.35570469798658
2013,"BUNCOMBE","N",0
2013,"BUNCOMBE","O",0
2013,"BUNCOMBE","W",10.1596516690856
2013,"BURKE","B",0
2013,"BURKE","H",0
2013,"BURKE","N",0
2013,"BURKE","O",0
2013,"BURKE","W",3.18471337579618
2013,"CABARRUS","B",10.0502512562814
2013,"CABARRUS","H",2.6525198938992
2013,"CABARRUS","N",0
2013,"CABARRUS","O",12.987012987013
2013,"CABARRUS","W",5.56328233657858
2013,"CALDWELL","B",20.4081632653061
2013,"CALDWELL","H",0
2013,"CALDWELL","N",0
2013,"CALDWELL","O",0
2013,"CALDWELL","W",4.45765230312036
2013,"CAMDEN","B",0
2013,"CAMDEN","H",0
2013,"CAMDEN","O",0
2013,"CAMDEN","W",0
2013,"CARTERET","B",31.25
2013,"CARTERET","H",16.3934426229508
2013,"CARTERET","N",0
2013,"CARTERET","O",0
2013,"CARTERET","W",7.38007380073801
2013,"CASWELL","B",0
2013,"CASWELL","H",0
2013,"CASWELL","O",0
2013,"CASWELL","W",0
2013,"CATAWBA","B",13.0718954248366
2013,"CATAWBA","H",0
2013,"CATAWBA","N",0
2013,"CATAWBA","O",0
2013,"CATAWBA","W",6.34632819582956
2013,"CHATHAM","B",27.027027027027
2013,"CHATHAM","H",0
2013,"CHATHAM","N",0
2013,"CHATHAM","O",0
2013,"CHATHAM","W",8.7463556851312
2013,"CHEROKEE","B",0
2013,"CHEROKEE","H",0
2013,"CHEROKEE","N",0
2013,"CHEROKEE","O",0
2013,"CHEROKEE","W",20.8333333333333
2013,"CHOWAN","B",0
2013,"CHOWAN","H",76.9230769230769
2013,"CHOWAN","N",0
2013,"CHOWAN","O",0
2013,"CHOWAN","W",0
2013,"CLAY","H",0
2013,"CLAY","N",0
2013,"CLAY","W",0
2013,"CLEVELAND","B",29.4117647058824
2013,"CLEVELAND","H",0
2013,"CLEVELAND","N",0
2013,"CLEVELAND","O",0
2013,"CLEVELAND","W",5.67375886524823
2013,"COLUMBUS","B",13.7614678899083
2013,"COLUMBUS","H",16.1290322580645
2013,"COLUMBUS","N",0
2013,"COLUMBUS","O",500
2013,"COLUMBUS","W",2.89017341040462
2013,"CRAVEN","B",13.4680134680135
2013,"CRAVEN","H",0
2013,"CRAVEN","N",0
2013,"CRAVEN","O",0
2013,"CRAVEN","W",6.22406639004149
2013,"CUMBERLAND","B",11.4087301587302
2013,"CUMBERLAND","H",5.32623169107856
2013,"CUMBERLAND","N",0
2013,"CUMBERLAND","O",4.5662100456621
2013,"CUMBERLAND","W",7.02301989855638
2013,"CURRITUCK","B",0
2013,"CURRITUCK","H",0
2013,"CURRITUCK","N",0
2013,"CURRITUCK","O",0
2013,"CURRITUCK","W",0
2013,"DARE","B",0
2013,"DARE","H",17.8571428571429
2013,"DARE","O",0
2013,"DARE","W",4.36681222707424
2013,"DAVIDSON","B",12.987012987013
2013,"DAVIDSON","H",4.60829493087558
2013,"DAVIDSON","N",0
2013,"DAVIDSON","O",0
2013,"DAVIDSON","W",3.07455803228286
2013,"DAVIE","B",0
2013,"DAVIE","H",0
2013,"DAVIE","O",0
2013,"DAVIE","W",6.75675675675676
2013,"DUPLIN","B",12.1212121212121
2013,"DUPLIN","H",0
2013,"DUPLIN","N",0
2013,"DUPLIN","O",0
2013,"DUPLIN","W",14.0350877192982
2013,"DURHAM","B",11.1653872993719
2013,"DURHAM","H",2.15285252960172
2013,"DURHAM","N",0
2013,"DURHAM","O",0
2013,"DURHAM","W",5.33689126084056
2013,"EDGECOMBE","B",12.1654501216545
2013,"EDGECOMBE","H",0
2013,"EDGECOMBE","N",0
2013,"EDGECOMBE","W",17.8571428571429
2013,"FORSYTH","B",11.3981762917933
2013,"FORSYTH","H",9.47368421052632
2013,"FORSYTH","N",0
2013,"FORSYTH","O",13.4228187919463
2013,"FORSYTH","W",5.26819923371648
2013,"FRANKLIN","B",5.31914893617021
2013,"FRANKLIN","H",0
2013,"FRANKLIN","N",0
2013,"FRANKLIN","O",0
2013,"FRANKLIN","W",0
2013,"GASTON","B",31.8906605922551
2013,"GASTON","H",0
2013,"GASTON","N",0
2013,"GASTON","O",0
2013,"GASTON","W",4.72813238770686
2013,"GATES","B",0
2013,"GATES","H",0
2013,"GATES","W",0
2013,"GRAHAM","H",0
2013,"GRAHAM","N",0
2013,"GRAHAM","W",0
2013,"GRANVILLE","B",19.7368421052632
2013,"GRANVILLE","H",16.1290322580645
2013,"GRANVILLE","N",0
2013,"GRANVILLE","O",0
2013,"GRANVILLE","W",10.2739726027397
2013,"GREENE","B",30.7692307692308
2013,"GREENE","H",0
2013,"GREENE","O",0
2013,"GREENE","W",11.6279069767442
2013,"GUILFORD","B",12.9712201053912
2013,"GUILFORD","H",3.76411543287327
2013,"GUILFORD","N",0
2013,"GUILFORD","O",2.22222222222222
2013,"GUILFORD","W",7.12788259958071
2013,"HALIFAX","B",11.9047619047619
2013,"HALIFAX","H",0
2013,"HALIFAX","N",0
2013,"HALIFAX","O",0
2013,"HALIFAX","W",6.17283950617284
2013,"HARNETT","B",10.6951871657754
2013,"HARNETT","H",0
2013,"HARNETT","N",0
2013,"HARNETT","O",23.2558139534884
2013,"HARNETT","W",7.84655623365301
2013,"HAYWOOD","B",0
2013,"HAYWOOD","H",0
2013,"HAYWOOD","N",0
2013,"HAYWOOD","O",0
2013,"HAYWOOD","W",6.04838709677419
2013,"HENDERSON","B",0
2013,"HENDERSON","H",0
2013,"HENDERSON","N",0
2013,"HENDERSON","O",62.5
2013,"HENDERSON","W",5.00625782227785
2013,"HERTFORD","B",19.1082802547771
2013,"HERTFORD","H",0
2013,"HERTFORD","W",40
2013,"HOKE","B",0
2013,"HOKE","H",0
2013,"HOKE","N",0
2013,"HOKE","O",0
2013,"HOKE","W",2.15982721382289
2013,"HYDE","B",0
2013,"HYDE","H",0
2013,"HYDE","W",26.3157894736842
2013,"IREDELL","B",18.9393939393939
2013,"IREDELL","H",5.74712643678161
2013,"IREDELL","N",0
2013,"IREDELL","O",12.1951219512195
2013,"IREDELL","W",6.57354149548069
2013,"JACKSON","B",0
2013,"JACKSON","H",0
2013,"JACKSON","N",0
2013,"JACKSON","O",0
2013,"JACKSON","W",7.72200772200772
2013,"JOHNSTON","B",12.0845921450151
2013,"JOHNSTON","H",2.00400801603206
2013,"JOHNSTON","N",0
2013,"JOHNSTON","O",66.6666666666667
2013,"JOHNSTON","W",5.37634408602151
2013,"JONES","B",38.4615384615385
2013,"JONES","H",0
2013,"JONES","W",0
2013,"LEE","B",18.2926829268293
2013,"LEE","H",4.60829493087558
2013,"LEE","N",333.333333333333
2013,"LEE","O",0
2013,"LEE","W",5.33333333333333
2013,"LENOIR","B",9.49367088607595
2013,"LENOIR","H",0
2013,"LENOIR","N",0
2013,"LENOIR","O",0
2013,"LENOIR","W",7.78210116731517
2013,"LINCOLN","B",26.3157894736842
2013,"LINCOLN","H",0
2013,"LINCOLN","O",0
2013,"LINCOLN","W",0
2013,"MACON","B",0
2013,"MACON","H",0
2013,"MACON","N",0
2013,"MACON","O",0
2013,"MACON","W",7.60456273764259
2013,"MADISON","H",0
2013,"MADISON","N",0
2013,"MADISON","O",0
2013,"MADISON","W",0
2013,"MARTIN","B",16.1290322580645
2013,"MARTIN","H",0
2013,"MARTIN","O",0
2013,"MARTIN","W",0
2013,"McDOWELL","B",0
2013,"McDOWELL","H",0
2013,"McDOWELL","N",0
2013,"McDOWELL","O",0
2013,"McDOWELL","W",2.58397932816537
2013,"MECKLENBURG","B",10.2927721866423
2013,"MECKLENBURG","H",4.4
2013,"MECKLENBURG","N",0
2013,"MECKLENBURG","O",3.54295837023915
2013,"MECKLENBURG","W",4.55341506129597
2013,"MITCHELL","B",0
2013,"MITCHELL","H",0
2013,"MITCHELL","W",0
2013,"MONTGOMERY","B",32.7868852459016
2013,"MONTGOMERY","H",0
2013,"MONTGOMERY","O",0
2013,"MONTGOMERY","W",13.6986301369863
2013,"MOORE","B",6.06060606060606
2013,"MOORE","H",0
2013,"MOORE","N",0
2013,"MOORE","O",66.6666666666667
2013,"MOORE","W",2.92825768667643
2013,"NASH","B",9.80392156862745
2013,"NASH","H",7.35294117647059
2013,"NASH","N",0
2013,"NASH","O",0
2013,"NASH","W",4.69483568075117
2013,"NEW HANOVER","B",13.6674259681093
2013,"NEW HANOVER","H",0
2013,"NEW HANOVER","N",0
2013,"NEW HANOVER","O",0
2013,"NEW HANOVER","W",4.02144772117962
2013,"NORTHAMPTON","B",17.3913043478261
2013,"NORTHAMPTON","H",0
2013,"NORTHAMPTON","N",0
2013,"NORTHAMPTON","W",0
2013,"ONSLOW","B",22.3880597014925
2013,"ONSLOW","H",0
2013,"ONSLOW","N",43.4782608695652
2013,"ONSLOW","O",8.13008130081301
2013,"ONSLOW","W",4.92287495897604
2013,"ORANGE","B",0
2013,"ORANGE","H",0
2013,"ORANGE","N",0
2013,"ORANGE","O",7.75193798449612
2013,"ORANGE","W",4.21940928270042
2013,"PAMLICO","B",0
2013,"PAMLICO","H",0
2013,"PAMLICO","O",0
2013,"PAMLICO","W",17.2413793103448
2013,"PASQUOTANK","B",13.6054421768707
2013,"PASQUOTANK","H",0
2013,"PASQUOTANK","N",0
2013,"PASQUOTANK","O",0
2013,"PASQUOTANK","W",0
2013,"PENDER","B",38.4615384615385
2013,"PENDER","H",0
2013,"PENDER","O",0
2013,"PENDER","W",2.51256281407035
2013,"PERQUIMANS","B",0
2013,"PERQUIMANS","H",0
2013,"PERQUIMANS","O",0
2013,"PERQUIMANS","W",10.2040816326531
2013,"PERSON","B",18.5185185185185
2013,"PERSON","H",0
2013,"PERSON","N",0
2013,"PERSON","O",0
2013,"PERSON","W",6.96864111498258
2013,"PITT","B",10.3329506314581
2013,"PITT","H",5.15463917525773
2013,"PITT","N",0
2013,"PITT","O",0
2013,"PITT","W",11.3519091847265
2013,"POLK","B",0
2013,"POLK","H",0
2013,"POLK","W",0
2013,"RANDOLPH","B",8.62068965517241
2013,"RANDOLPH","H",6.66666666666667
2013,"RANDOLPH","N",0
2013,"RANDOLPH","O",37.037037037037
2013,"RANDOLPH","W",7.90861159929701
2013,"RICHMOND","B",10.6951871657754
2013,"RICHMOND","H",0
2013,"RICHMOND","N",90.9090909090909
2013,"RICHMOND","O",0
2013,"RICHMOND","W",0
2013,"ROBESON","B",16.1290322580645
2013,"ROBESON","H",7.35294117647059
2013,"ROBESON","N",14.9625935162095
2013,"ROBESON","O",30.3030303030303
2013,"ROBESON","W",10.498687664042
2013,"ROCKINGHAM","B",30.1507537688442
2013,"ROCKINGHAM","H",0
2013,"ROCKINGHAM","N",0
2013,"ROCKINGHAM","O",0
2013,"ROCKINGHAM","W",4.73186119873817
2013,"ROWAN","B",10.4166666666667
2013,"ROWAN","H",0
2013,"ROWAN","N",0
2013,"ROWAN","O",0
2013,"ROWAN","W",5.08646998982706
2013,"RUTHERFORD","B",11.3636363636364
2013,"RUTHERFORD","H",50
2013,"RUTHERFORD","N",0
2013,"RUTHERFORD","O",0
2013,"RUTHERFORD","W",5.71428571428571
2013,"SAMPSON","B",10.2564102564103
2013,"SAMPSON","H",3.43642611683849
2013,"SAMPSON","N",0
2013,"SAMPSON","O",0
2013,"SAMPSON","W",5.98802395209581
2013,"SCOTLAND","B",0
2013,"SCOTLAND","H",100
2013,"SCOTLAND","N",0
2013,"SCOTLAND","O",0
2013,"SCOTLAND","W",6.84931506849315
2013,"STANLY","B",32.6086956521739
2013,"STANLY","H",0
2013,"STANLY","N",0
2013,"STANLY","O",0
2013,"STANLY","W",2.07900207900208
2013,"STOKES","B",0
2013,"STOKES","H",0
2013,"STOKES","O",0
2013,"STOKES","W",11.4613180515759
2013,"SURRY","B",0
2013,"SURRY","H",16.6666666666667
2013,"SURRY","N",0
2013,"SURRY","O",0
2013,"SURRY","W",5.33807829181495
2013,"SWAIN","B",0
2013,"SWAIN","H",0
2013,"SWAIN","N",11.7647058823529
2013,"SWAIN","O",0
2013,"SWAIN","W",0
2013,"TRANSYLVANIA","B",0
2013,"TRANSYLVANIA","H",0
2013,"TRANSYLVANIA","N",0
2013,"TRANSYLVANIA","O",0
2013,"TRANSYLVANIA","W",8
2013,"TYRELL","B",0
2013,"TYRELL","H",0
2013,"TYRELL","O",0
2013,"TYRELL","W",0
2013,"UNION","B",20
2013,"UNION","H",0
2013,"UNION","N",0
2013,"UNION","O",0
2013,"UNION","W",2.7266530334015
2013,"VANCE","B",26.578073089701
2013,"VANCE","H",0
2013,"VANCE","N",0
2013,"VANCE","O",333.333333333333
2013,"VANCE","W",5.23560209424084
2013,"WAKE","B",9.40111420612813
2013,"WAKE","H",4.8
2013,"WAKE","N",29.4117647058824
2013,"WAKE","O",3.003003003003
2013,"WAKE","W",3.49597203222374
2013,"WARREN","B",0
2013,"WARREN","H",0
2013,"WARREN","N",0
2013,"WARREN","O",0
2013,"WARREN","W",0
2013,"WASHINGTON","B",0
2013,"WASHINGTON","H",0
2013,"WASHINGTON","W",0
2013,"WATAUGA","B",125
2013,"WATAUGA","H",0
2013,"WATAUGA","N",0
2013,"WATAUGA","O",0
2013,"WATAUGA","W",3.34448160535117
2013,"WAYNE","B",5.29100529100529
2013,"WAYNE","H",3.13479623824451
2013,"WAYNE","N",0
2013,"WAYNE","O",0
2013,"WAYNE","W",5.12163892445583
2013,"WILKES","B",29.4117647058824
2013,"WILKES","H",0
2013,"WILKES","O",0
2013,"WILKES","W",11.5384615384615
2013,"WILSON","B",10
2013,"WILSON","H",0
2013,"WILSON","O",0
2013,"WILSON","W",5.71428571428571
2013,"YANCEY","B",0
2013,"YANCEY","H",0
2013,"YANCEY","W",0
2014,"ALAMANCE","B",15.5440414507772
2014,"ALAMANCE","H",8.4985835694051
2014,"ALAMANCE","N",0
2014,"ALAMANCE","O",0
2014,"ALAMANCE","W",10.3092783505155
2014,"ALEXANDER","B",0
2014,"ALEXANDER","H",0
2014,"ALEXANDER","N",0
2014,"ALEXANDER","O",0
2014,"ALEXANDER","W",3.38983050847458
2014,"ALLEGHANY","H",0
2014,"ALLEGHANY","W",0
2014,"ANSON","B",0
2014,"ANSON","H",0
2014,"ANSON","O",0
2014,"ANSON","W",20.8333333333333
2014,"ASHE","B",0
2014,"ASHE","H",47.6190476190476
2014,"ASHE","O",0
2014,"ASHE","W",0
2014,"AVERY","B",0
2014,"AVERY","H",0
2014,"AVERY","N",0
2014,"AVERY","O",0
2014,"AVERY","W",10.2040816326531
2014,"BEAUFORT","B",40.8163265306122
2014,"BEAUFORT","H",0
2014,"BEAUFORT","N",0
2014,"BEAUFORT","O",0
2014,"BEAUFORT","W",8.40336134453782
2014,"BERTIE","B",16.3934426229508
2014,"BERTIE","W",0
2014,"BRUNSWICK","B",7.75193798449612
2014,"BRUNSWICK","H",0
2014,"BRUNSWICK","N",0
2014,"BRUNSWICK","O",0
2014,"BRUNSWICK","W",3.4965034965035
2014,"BUNCOMBE","B",33.175355450237
2014,"BUNCOMBE","H",7.35294117647059
2014,"BUNCOMBE","N",0
2014,"BUNCOMBE","O",0
2014,"BUNCOMBE","W",3.95061728395062
2014,"BURKE","B",0
2014,"BURKE","H",25.4237288135593
2014,"BURKE","N",0
2014,"BURKE","O",0
2014,"BURKE","W",10.6544901065449
2014,"CABARRUS","B",5.03778337531486
2014,"CABARRUS","H",4.92610837438424
2014,"CABARRUS","N",0
2014,"CABARRUS","O",0
2014,"CABARRUS","W",7.06214689265537
2014,"CALDWELL","B",0
2014,"CALDWELL","H",14.9253731343284
2014,"CALDWELL","N",0
2014,"CALDWELL","O",0
2014,"CALDWELL","W",15.5807365439093
2014,"CAMDEN","B",0
2014,"CAMDEN","H",0
2014,"CAMDEN","O",0
2014,"CAMDEN","W",0
2014,"CARTERET","B",27.027027027027
2014,"CARTERET","H",0
2014,"CARTERET","N",0
2014,"CARTERET","O",0
2014,"CARTERET","W",4.16666666666667
2014,"CASWELL","B",43.4782608695652
2014,"CASWELL","H",0
2014,"CASWELL","O",0
2014,"CASWELL","W",0
2014,"CATAWBA","B",14.7783251231527
2014,"CATAWBA","H",7.09219858156028
2014,"CATAWBA","N",0
2014,"CATAWBA","O",7.19424460431655
2014,"CATAWBA","W",5.12382578992314
2014,"CHATHAM","B",23.5294117647059
2014,"CHATHAM","H",20.6896551724138
2014,"CHATHAM","N",0
2014,"CHATHAM","O",0
2014,"CHATHAM","W",11.1731843575419
2014,"CHEROKEE","B",0
2014,"CHEROKEE","H",125
2014,"CHEROKEE","N",0
2014,"CHEROKEE","O",0
2014,"CHEROKEE","W",12.4223602484472
2014,"CHOWAN","B",0
2014,"CHOWAN","H",0
2014,"CHOWAN","O",0
2014,"CHOWAN","W",13.5135135135135
2014,"CLAY","B",0
2014,"CLAY","H",0
2014,"CLAY","N",0
2014,"CLAY","O",0
2014,"CLAY","W",0
2014,"CLEVELAND","B",15.9362549800797
2014,"CLEVELAND","H",0
2014,"CLEVELAND","N",0
2014,"CLEVELAND","O",0
2014,"CLEVELAND","W",4.08163265306122
2014,"COLUMBUS","B",26.7379679144385
2014,"COLUMBUS","H",30.7692307692308
2014,"COLUMBUS","N",41.6666666666667
2014,"COLUMBUS","O",0
2014,"COLUMBUS","W",3.09597523219814
2014,"CRAVEN","B",3.43642611683849
2014,"CRAVEN","H",0
2014,"CRAVEN","N",0
2014,"CRAVEN","O",12.987012987013
2014,"CRAVEN","W",5.16528925619835
2014,"CUMBERLAND","B",18.0722891566265
2014,"CUMBERLAND","H",9.23482849604222
2014,"CUMBERLAND","N",9.80392156862745
2014,"CUMBERLAND","O",8.92857142857143
2014,"CUMBERLAND","W",6.9848661233993
2014,"CURRITUCK","B",0
2014,"CURRITUCK","H",111.111111111111
2014,"CURRITUCK","N",0
2014,"CURRITUCK","O",250
2014,"CURRITUCK","W",5.10204081632653
2014,"DARE","B",0
2014,"DARE","H",0
2014,"DARE","O",0
2014,"DARE","W",6.94444444444444
2014,"DAVIDSON","B",11.3636363636364
2014,"DAVIDSON","H",4.67289719626168
2014,"DAVIDSON","N",0
2014,"DAVIDSON","O",0
2014,"DAVIDSON","W",3.05810397553517
2014,"DAVIE","B",62.5
2014,"DAVIE","H",0
2014,"DAVIE","N",0
2014,"DAVIE","O",0
2014,"DAVIE","W",3.40136054421769
2014,"DUPLIN","B",6.06060606060606
2014,"DUPLIN","H",3.41296928327645
2014,"DUPLIN","N",0
2014,"DUPLIN","O",0
2014,"DUPLIN","W",3.32225913621262
2014,"DURHAM","B",16.0857908847185
2014,"DURHAM","H",5.29100529100529
2014,"DURHAM","N",0
2014,"DURHAM","O",6.62251655629139
2014,"DURHAM","W",4.67836257309941
2014,"EDGECOMBE","B",9.85221674876847
2014,"EDGECOMBE","H",0
2014,"EDGECOMBE","N",0
2014,"EDGECOMBE","O",0
2014,"EDGECOMBE","W",0
2014,"FORSYTH","B",10.6788710907704
2014,"FORSYTH","H",3.125
2014,"FORSYTH","N",0
2014,"FORSYTH","O",6.57894736842105
2014,"FORSYTH","W",5.22813688212928
2014,"FRANKLIN","B",10.3626943005181
2014,"FRANKLIN","H",0
2014,"FRANKLIN","N",0
2014,"FRANKLIN","O",0
2014,"FRANKLIN","W",12.7226463104326
2014,"GASTON","B",12.7659574468085
2014,"GASTON","H",4.18410041841004
2014,"GASTON","N",0
2014,"GASTON","O",0
2014,"GASTON","W",5.74382538770821
2014,"GATES","B",0
2014,"GATES","H",0
2014,"GATES","O",0
2014,"GATES","W",21.2765957446809
2014,"GRAHAM","H",0
2014,"GRAHAM","N",0
2014,"GRAHAM","W",0
2014,"GRANVILLE","B",5.37634408602151
2014,"GRANVILLE","H",15.625
2014,"GRANVILLE","N",0
2014,"GRANVILLE","O",0
2014,"GRANVILLE","W",7.09219858156028
2014,"GREENE","B",11.6279069767442
2014,"GREENE","H",0
2014,"GREENE","O",0
2014,"GREENE","W",0
2014,"GUILFORD","B",13.6759220886863
2014,"GUILFORD","H",5.18134715025907
2014,"GUILFORD","N",0
2014,"GUILFORD","O",4.21052631578947
2014,"GUILFORD","W",3.81517592200085
2014,"HALIFAX","B",14.2450142450142
2014,"HALIFAX","H",0
2014,"HALIFAX","N",0
2014,"HALIFAX","O",0
2014,"HALIFAX","W",5.29100529100529
2014,"HARNETT","B",24.9376558603491
2014,"HARNETT","H",0
2014,"HARNETT","N",0
2014,"HARNETT","O",23.2558139534884
2014,"HARNETT","W",9.29839391377853
2014,"HAYWOOD","B",0
2014,"HAYWOOD","H",0
2014,"HAYWOOD","N",0
2014,"HAYWOOD","O",0
2014,"HAYWOOD","W",5.90551181102362
2014,"HENDERSON","B",0
2014,"HENDERSON","H",4.97512437810945
2014,"HENDERSON","N",0
2014,"HENDERSON","O",0
2014,"HENDERSON","W",3.59712230215827
2014,"HERTFORD","B",37.9746835443038
2014,"HERTFORD","H",0
2014,"HERTFORD","N",0
2014,"HERTFORD","O",0
2014,"HERTFORD","W",21.7391304347826
2014,"HOKE","B",13.3928571428571
2014,"HOKE","H",12.7388535031847
2014,"HOKE","N",0
2014,"HOKE","O",0
2014,"HOKE","W",0
2014,"HYDE","B",0
2014,"HYDE","H",0
2014,"HYDE","W",0
2014,"IREDELL","B",27.7777777777778
2014,"IREDELL","H",0
2014,"IREDELL","N",1000
2014,"IREDELL","O",10.989010989011
2014,"IREDELL","W",3.24939073923639
2014,"JACKSON","B",0
2014,"JACKSON","H",0
2014,"JACKSON","N",0
2014,"JACKSON","O",0
2014,"JACKSON","W",0
2014,"JOHNSTON","B",5.58659217877095
2014,"JOHNSTON","H",6.45161290322581
2014,"JOHNSTON","N",0
2014,"JOHNSTON","O",0
2014,"JOHNSTON","W",4.22237860661506
2014,"JONES","B",0
2014,"JONES","H",0
2014,"JONES","N",0
2014,"JONES","W",0
2014,"LEE","B",11.2994350282486
2014,"LEE","H",4.32900432900433
2014,"LEE","N",0
2014,"LEE","O",0
2014,"LEE","W",2.77008310249307
2014,"LENOIR","B",13.0293159609121
2014,"LENOIR","H",0
2014,"LENOIR","N",0
2014,"LENOIR","O",0
2014,"LENOIR","W",11.1940298507463
2014,"LINCOLN","B",21.7391304347826
2014,"LINCOLN","H",11.4942528735632
2014,"LINCOLN","O",0
2014,"LINCOLN","W",2.9940119760479
2014,"MACON","B",0
2014,"MACON","H",0
2014,"MACON","N",0
2014,"MACON","O",0
2014,"MACON","W",10.8695652173913
2014,"MADISON","B",0
2014,"MADISON","H",0
2014,"MADISON","O",0
2014,"MADISON","W",27.3224043715847
2014,"MARTIN","B",9.61538461538462
2014,"MARTIN","H",0
2014,"MARTIN","N",0
2014,"MARTIN","O",0
2014,"MARTIN","W",0
2014,"McDOWELL","B",0
2014,"McDOWELL","H",46.5116279069767
2014,"McDOWELL","O",0
2014,"McDOWELL","W",10.498687664042
2014,"MECKLENBURG","B",8.96370791429821
2014,"MECKLENBURG","H",7.69230769230769
2014,"MECKLENBURG","N",0
2014,"MECKLENBURG","O",2.36779794790845
2014,"MECKLENBURG","W",4.54466002447125
2014,"MITCHELL","H",0
2014,"MITCHELL","O",0
2014,"MITCHELL","W",7.93650793650794
2014,"MONTGOMERY","B",28.9855072463768
2014,"MONTGOMERY","H",0
2014,"MONTGOMERY","N",0
2014,"MONTGOMERY","O",0
2014,"MONTGOMERY","W",6.99300699300699
2014,"MOORE","B",0
2014,"MOORE","H",16.9491525423729
2014,"MOORE","N",0
2014,"MOORE","O",0
2014,"MOORE","W",2.77777777777778
2014,"NASH","B",15.2173913043478
2014,"NASH","H",0
2014,"NASH","N",0
2014,"NASH","O",0
2014,"NASH","W",4.69483568075117
2014,"NEW HANOVER","B",5.05050505050505
2014,"NEW HANOVER","H",0
2014,"NEW HANOVER","N",0
2014,"NEW HANOVER","O",0
2014,"NEW HANOVER","W",0.632111251580278
2014,"NORTHAMPTON","B",20
2014,"NORTHAMPTON","H",0
2014,"NORTHAMPTON","W",16.9491525423729
2014,"ONSLOW","B",15.2284263959391
2014,"ONSLOW","H",8.62068965517241
2014,"ONSLOW","N",0
2014,"ONSLOW","O",7.40740740740741
2014,"ONSLOW","W",4.97017892644135
2014,"ORANGE","B",10.989010989011
2014,"ORANGE","H",5.58659217877095
2014,"ORANGE","N",0
2014,"ORANGE","O",0
2014,"ORANGE","W",4.1958041958042
2014,"PAMLICO","B",66.6666666666667
2014,"PAMLICO","H",0
2014,"PAMLICO","O",0
2014,"PAMLICO","W",14.4927536231884
2014,"PASQUOTANK","B",9.9009900990099
2014,"PASQUOTANK","H",0
2014,"PASQUOTANK","N",0
2014,"PASQUOTANK","O",0
2014,"PASQUOTANK","W",3.50877192982456
2014,"PENDER","B",31.5789473684211
2014,"PENDER","H",0
2014,"PENDER","N",0
2014,"PENDER","O",0
2014,"PENDER","W",2.21238938053097
2014,"PERQUIMANS","B",0
2014,"PERQUIMANS","H",0
2014,"PERQUIMANS","N",0
2014,"PERQUIMANS","O",0
2014,"PERQUIMANS","W",0
2014,"PERSON","B",23.0769230769231
2014,"PERSON","H",0
2014,"PERSON","O",0
2014,"PERSON","W",0
2014,"PITT","B",16.7785234899329
2014,"PITT","H",15.7894736842105
2014,"PITT","N",0
2014,"PITT","O",17.8571428571429
2014,"PITT","W",9.32642487046632
2014,"POLK","B",0
2014,"POLK","H",83.3333333333333
2014,"POLK","O",0
2014,"POLK","W",7.8740157480315
2014,"RANDOLPH","B",8.84955752212389
2014,"RANDOLPH","H",3.38983050847458
2014,"RANDOLPH","N",0
2014,"RANDOLPH","O",0
2014,"RANDOLPH","W",4.34027777777778
2014,"RICHMOND","B",6.49350649350649
2014,"RICHMOND","H",0
2014,"RICHMOND","N",0
2014,"RICHMOND","O",0
2014,"RICHMOND","W",8.03212851405622
2014,"ROBESON","B",17.2839506172839
2014,"ROBESON","H",11.5830115830116
2014,"ROBESON","N",11.968085106383
2014,"ROBESON","O",0
2014,"ROBESON","W",22.3463687150838
2014,"ROCKINGHAM","B",15.0753768844221
2014,"ROCKINGHAM","H",0
2014,"ROCKINGHAM","N",0
2014,"ROCKINGHAM","O",0
2014,"ROCKINGHAM","W",3.12989045383412
2014,"ROWAN","B",24.4755244755245
2014,"ROWAN","H",0
2014,"ROWAN","N",0
2014,"ROWAN","O",0
2014,"ROWAN","W",9.91080277502478
2014,"RUTHERFORD","B",0
2014,"RUTHERFORD","H",0
2014,"RUTHERFORD","N",0
2014,"RUTHERFORD","O",0
2014,"RUTHERFORD","W",7.61904761904762
2014,"SAMPSON","B",5.20833333333333
2014,"SAMPSON","H",3.38983050847458
2014,"SAMPSON","N",0
2014,"SAMPSON","O",0
2014,"SAMPSON","W",3.05810397553517
2014,"SCOTLAND","B",4.71698113207547
2014,"SCOTLAND","H",0
2014,"SCOTLAND","N",14.4927536231884
2014,"SCOTLAND","O",0
2014,"SCOTLAND","W",21.2765957446809
2014,"STANLY","B",19.4174757281553
2014,"STANLY","H",0
2014,"STANLY","N",0
2014,"STANLY","O",0
2014,"STANLY","W",3.71057513914657
2014,"STOKES","B",0
2014,"STOKES","H",0
2014,"STOKES","N",0
2014,"STOKES","O",0
2014,"STOKES","W",5.31914893617021
2014,"SURRY","B",38.4615384615385
2014,"SURRY","H",0
2014,"SURRY","N",0
2014,"SURRY","O",0
2014,"SURRY","W",5.20833333333333
2014,"SWAIN","H",0
2014,"SWAIN","N",22.2222222222222
2014,"SWAIN","W",10.4166666666667
2014,"TRANSYLVANIA","B",0
2014,"TRANSYLVANIA","H",0
2014,"TRANSYLVANIA","N",0
2014,"TRANSYLVANIA","O",0
2014,"TRANSYLVANIA","W",4.11522633744856
2014,"TYRELL","B",0
2014,"TYRELL","H",0
2014,"TYRELL","W",45.4545454545455
2014,"UNION","B",15.7728706624606
2014,"UNION","H",7.8125
2014,"UNION","N",0
2014,"UNION","O",13.5135135135135
2014,"UNION","W",3.15656565656566
2014,"VANCE","B",10.1010101010101
2014,"VANCE","H",0
2014,"VANCE","N",0
2014,"VANCE","O",250
2014,"VANCE","W",0
2014,"WAKE","B",9.73674720519293
2014,"WAKE","H",5.26315789473684
2014,"WAKE","N",0
2014,"WAKE","O",0.885739592559787
2014,"WAKE","W",3.11850311850312
2014,"WARREN","B",37.3831775700935
2014,"WARREN","H",0
2014,"WARREN","N",0
2014,"WARREN","O",0
2014,"WARREN","W",0
2014,"WASHINGTON","B",0
2014,"WASHINGTON","H",0
2014,"WASHINGTON","O",0
2014,"WASHINGTON","W",0
2014,"WATAUGA","B",0
2014,"WATAUGA","H",0
2014,"WATAUGA","O",0
2014,"WATAUGA","W",3.01204819277108
2014,"WAYNE","B",7.43494423791822
2014,"WAYNE","H",3.05810397553517
2014,"WAYNE","N",0
2014,"WAYNE","O",0
2014,"WAYNE","W",2.49376558603491
2014,"WILKES","B",0
2014,"WILKES","H",0
2014,"WILKES","N",0
2014,"WILKES","O",0
2014,"WILKES","W",10.7142857142857
2014,"WILSON","B",5.03778337531486
2014,"WILSON","H",6.5359477124183
2014,"WILSON","N",0
2014,"WILSON","O",100
2014,"WILSON","W",0
2014,"YANCEY","H",0
2014,"YANCEY","O",0
2014,"YANCEY","W",0
2015,"ALAMANCE","B",17.9948586118252
2015,"ALAMANCE","H",8.02139037433155
2015,"ALAMANCE","N",0
2015,"ALAMANCE","O",0
2015,"ALAMANCE","W",4.16666666666667
2015,"ALEXANDER","B",0
2015,"ALEXANDER","H",0
2015,"ALEXANDER","N",0
2015,"ALEXANDER","O",0
2015,"ALEXANDER","W",3.32225913621262
2015,"ALLEGHANY","B",0
2015,"ALLEGHANY","H",45.4545454545455
2015,"ALLEGHANY","N",0
2015,"ALLEGHANY","W",0
2015,"ANSON","B",15.625
2015,"ANSON","H",0
2015,"ANSON","O",400
2015,"ANSON","W",0
2015,"ASHE","B",0
2015,"ASHE","H",0
2015,"ASHE","W",5.29100529100529
2015,"AVERY","B",0
2015,"AVERY","H",86.9565217391304
2015,"AVERY","W",0
2015,"BEAUFORT","B",6.49350649350649
2015,"BEAUFORT","H",30.7692307692308
2015,"BEAUFORT","N",0
2015,"BEAUFORT","O",0
2015,"BEAUFORT","W",19.3798449612403
2015,"BERTIE","B",33.8983050847458
2015,"BERTIE","H",0
2015,"BERTIE","N",0
2015,"BERTIE","O",0
2015,"BERTIE","W",0
2015,"BRUNSWICK","B",0
2015,"BRUNSWICK","H",0
2015,"BRUNSWICK","N",0
2015,"BRUNSWICK","O",0
2015,"BRUNSWICK","W",2.5706940874036
2015,"BUNCOMBE","B",20
2015,"BUNCOMBE","H",3.4965034965035
2015,"BUNCOMBE","N",0
2015,"BUNCOMBE","O",36.3636363636364
2015,"BUNCOMBE","W",2.41896468311563
2015,"BURKE","B",23.2558139534884
2015,"BURKE","H",10
2015,"BURKE","N",0
2015,"BURKE","O",0
2015,"BURKE","W",7.41839762611276
2015,"CABARRUS","B",19.0930787589499
2015,"CABARRUS","H",4.739336492891
2015,"CABARRUS","N",0
2015,"CABARRUS","O",7.46268656716418
2015,"CABARRUS","W",3.42465753424658
2015,"CALDWELL","B",0
2015,"CALDWELL","H",14.4927536231884
2015,"CALDWELL","N",0
2015,"CALDWELL","O",0
2015,"CALDWELL","W",8.91530460624071
2015,"CAMDEN","B",0
2015,"CAMDEN","H",0
2015,"CAMDEN","N",0
2015,"CAMDEN","O",0
2015,"CAMDEN","W",0
2015,"CARTERET","B",0
2015,"CARTERET","H",25
2015,"CARTERET","N",0
2015,"CARTERET","O",0
2015,"CARTERET","W",5.73613766730402
2015,"CASWELL","B",17.8571428571429
2015,"CASWELL","H",0
2015,"CASWELL","N",0
2015,"CASWELL","W",0
2015,"CATAWBA","B",30
2015,"CATAWBA","H",0
2015,"CATAWBA","N",0
2015,"CATAWBA","O",22.7272727272727
2015,"CATAWBA","W",8.84173297966401
2015,"CHATHAM","B",13.5135135135135
2015,"CHATHAM","H",18.4049079754601
2015,"CHATHAM","N",0
2015,"CHATHAM","O",0
2015,"CHATHAM","W",7.35294117647059
2015,"CHEROKEE","B",0
2015,"CHEROKEE","H",111.111111111111
2015,"CHEROKEE","N",0
2015,"CHEROKEE","O",0
2015,"CHEROKEE","W",5.23560209424084
2015,"CHOWAN","B",25.974025974026
2015,"CHOWAN","H",0
2015,"CHOWAN","N",0
2015,"CHOWAN","W",0
2015,"CLAY","B",1000
2015,"CLAY","H",0
2015,"CLAY","O",0
2015,"CLAY","W",13.1578947368421
2015,"CLEVELAND","B",14.8698884758364
2015,"CLEVELAND","H",0
2015,"CLEVELAND","N",0
2015,"CLEVELAND","O",0
2015,"CLEVELAND","W",6.72947510094213
2015,"COLUMBUS","B",5.78034682080925
2015,"COLUMBUS","H",0
2015,"COLUMBUS","N",0
2015,"COLUMBUS","O",0
2015,"COLUMBUS","W",14.9253731343284
2015,"CRAVEN","B",22.5563909774436
2015,"CRAVEN","H",0
2015,"CRAVEN","N",0
2015,"CRAVEN","O",12.1951219512195
2015,"CRAVEN","W",3.22927879440258
2015,"CUMBERLAND","B",12.532637075718
2015,"CUMBERLAND","H",10.9140518417462
2015,"CUMBERLAND","N",12.1951219512195
2015,"CUMBERLAND","O",10.4712041884817
2015,"CUMBERLAND","W",7.32302685109845
2015,"CURRITUCK","B",0
2015,"CURRITUCK","H",0
2015,"CURRITUCK","O",0
2015,"CURRITUCK","W",0
2015,"DARE","B",0
2015,"DARE","H",0
2015,"DARE","N",0
2015,"DARE","O",0
2015,"DARE","W",3.74531835205992
2015,"DAVIDSON","B",14.7783251231527
2015,"DAVIDSON","H",9.9502487562189
2015,"DAVIDSON","N",0
2015,"DAVIDSON","O",0
2015,"DAVIDSON","W",9.21658986175115
2015,"DAVIE","B",0
2015,"DAVIE","H",0
2015,"DAVIE","N",0
2015,"DAVIE","O",0
2015,"DAVIE","W",9.96677740863787
2015,"DUPLIN","B",24.390243902439
2015,"DUPLIN","H",3.36700336700337
2015,"DUPLIN","N",0
2015,"DUPLIN","O",0
2015,"DUPLIN","W",25.1798561151079
2015,"DURHAM","B",10.9409190371991
2015,"DURHAM","H",4.42477876106195
2015,"DURHAM","N",0
2015,"DURHAM","O",0
2015,"DURHAM","W",3.6697247706422
2015,"EDGECOMBE","B",9.92555831265509
2015,"EDGECOMBE","H",0
2015,"EDGECOMBE","N",0
2015,"EDGECOMBE","O",0
2015,"EDGECOMBE","W",5.84795321637427
2015,"FORSYTH","B",8.0450522928399
2015,"FORSYTH","H",8.10185185185185
2015,"FORSYTH","N",0
2015,"FORSYTH","O",0
2015,"FORSYTH","W",6.82261208576998
2015,"FRANKLIN","B",33.1491712707182
2015,"FRANKLIN","H",0
2015,"FRANKLIN","N",0
2015,"FRANKLIN","O",0
2015,"FRANKLIN","W",6.84931506849315
2015,"GASTON","B",15.3846153846154
2015,"GASTON","H",4.21940928270042
2015,"GASTON","N",0
2015,"GASTON","O",0
2015,"GASTON","W",6.42523364485981
2015,"GATES","B",50
2015,"GATES","H",0
2015,"GATES","W",0
2015,"GRAHAM","B",0
2015,"GRAHAM","H",0
2015,"GRAHAM","N",0
2015,"GRAHAM","O",0
2015,"GRAHAM","W",0
2015,"GRANVILLE","B",5.78034682080925
2015,"GRANVILLE","H",0
2015,"GRANVILLE","N",0
2015,"GRANVILLE","O",0
2015,"GRANVILLE","W",9.25925925925926
2015,"GREENE","B",0
2015,"GREENE","H",0
2015,"GREENE","N",0
2015,"GREENE","O",0
2015,"GREENE","W",0
2015,"GUILFORD","B",9.43783340172343
2015,"GUILFORD","H",6.56167979002625
2015,"GUILFORD","N",0
2015,"GUILFORD","O",10.8695652173913
2015,"GUILFORD","W",5.48754748839173
2015,"HALIFAX","B",14.9253731343284
2015,"HALIFAX","H",0
2015,"HALIFAX","N",0
2015,"HALIFAX","O",0
2015,"HALIFAX","W",5.23560209424084
2015,"HARNETT","B",9.14634146341463
2015,"HARNETT","H",3.2051282051282
2015,"HARNETT","N",0
2015,"HARNETT","O",21.7391304347826
2015,"HARNETT","W",7.38007380073801
2015,"HAYWOOD","B",0
2015,"HAYWOOD","H",0
2015,"HAYWOOD","N",0
2015,"HAYWOOD","O",0
2015,"HAYWOOD","W",12.8440366972477
2015,"HENDERSON","B",0
2015,"HENDERSON","H",5
2015,"HENDERSON","N",0
2015,"HENDERSON","O",0
2015,"HENDERSON","W",8.82723833543506
2015,"HERTFORD","B",25.974025974026
2015,"HERTFORD","H",0
2015,"HERTFORD","O",0
2015,"HERTFORD","W",0
2015,"HOKE","B",24.1935483870968
2015,"HOKE","H",6.75675675675676
2015,"HOKE","N",0
2015,"HOKE","O",0
2015,"HOKE","W",8.86917960088692
2015,"HYDE","B",90.9090909090909
2015,"HYDE","H",0
2015,"HYDE","W",0
2015,"IREDELL","B",18.796992481203
2015,"IREDELL","H",5.07614213197969
2015,"IREDELL","N",0
2015,"IREDELL","O",0
2015,"IREDELL","W",8.73998543335761
2015,"JACKSON","B",0
2015,"JACKSON","H",30.3030303030303
2015,"JACKSON","N",15.3846153846154
2015,"JACKSON","O",0
2015,"JACKSON","W",10.2389078498294
2015,"JOHNSTON","B",11.4942528735632
2015,"JOHNSTON","H",6.63716814159292
2015,"JOHNSTON","N",0
2015,"JOHNSTON","O",34.4827586206897
2015,"JOHNSTON","W",7.0871722182849
2015,"JONES","B",0
2015,"JONES","H",0
2015,"JONES","O",0
2015,"JONES","W",0
2015,"LEE","B",7.14285714285714
2015,"LEE","H",0
2015,"LEE","N",0
2015,"LEE","O",0
2015,"LEE","W",8.57142857142857
2015,"LENOIR","B",3.57142857142857
2015,"LENOIR","H",0
2015,"LENOIR","N",0
2015,"LENOIR","O",0
2015,"LENOIR","W",3.7593984962406
2015,"LINCOLN","B",20.8333333333333
2015,"LINCOLN","H",14.0845070422535
2015,"LINCOLN","N",0
2015,"LINCOLN","O",0
2015,"LINCOLN","W",6.06060606060606
2015,"MACON","B",0
2015,"MACON","H",0
2015,"MACON","N",0
2015,"MACON","O",0
2015,"MACON","W",10.4895104895105
2015,"MADISON","B",0
2015,"MADISON","H",0
2015,"MADISON","O",0
2015,"MADISON","W",4.40528634361234
2015,"MARTIN","B",9.34579439252336
2015,"MARTIN","H",0
2015,"MARTIN","N",0
2015,"MARTIN","W",0
2015,"McDOWELL","B",0
2015,"McDOWELL","H",0
2015,"McDOWELL","O",0
2015,"McDOWELL","W",9.56937799043062
2015,"MECKLENBURG","B",9.99574649085496
2015,"MECKLENBURG","H",3.10666206420435
2015,"MECKLENBURG","N",0
2015,"MECKLENBURG","O",5.83941605839416
2015,"MECKLENBURG","W",4.68181029998266
2015,"MITCHELL","H",0
2015,"MITCHELL","O",0
2015,"MITCHELL","W",0
2015,"MONTGOMERY","B",17.5438596491228
2015,"MONTGOMERY","H",0
2015,"MONTGOMERY","N",0
2015,"MONTGOMERY","O",0
2015,"MONTGOMERY","W",0
2015,"MOORE","B",5.55555555555556
2015,"MOORE","H",19.6078431372549
2015,"MOORE","N",0
2015,"MOORE","O",0
2015,"MOORE","W",5.4127198917456
2015,"NASH","B",16.2790697674419
2015,"NASH","H",0
2015,"NASH","N",0
2015,"NASH","O",0
2015,"NASH","W",2.2271714922049
2015,"NEW HANOVER","B",2.42130750605327
2015,"NEW HANOVER","H",7.63358778625954
2015,"NEW HANOVER","N",0
2015,"NEW HANOVER","O",0
2015,"NEW HANOVER","W",3.18674314850223
2015,"NORTHAMPTON","B",0
2015,"NORTHAMPTON","H",0
2015,"NORTHAMPTON","N",0
2015,"NORTHAMPTON","O",0
2015,"NORTHAMPTON","W",0
2015,"ONSLOW","B",11.2781954887218
2015,"ONSLOW","H",5.14579759862779
2015,"ONSLOW","N",0
2015,"ONSLOW","O",15.5038759689922
2015,"ONSLOW","W",7.28913571676501
2015,"ORANGE","B",0
2015,"ORANGE","H",11.3636363636364
2015,"ORANGE","N",0
2015,"ORANGE","O",0
2015,"ORANGE","W",5.59440559440559
2015,"PAMLICO","B",66.6666666666667
2015,"PAMLICO","H",0
2015,"PAMLICO","N",0
2015,"PAMLICO","O",0
2015,"PAMLICO","W",0
2015,"PASQUOTANK","B",22.9357798165138
2015,"PASQUOTANK","H",0
2015,"PASQUOTANK","N",0
2015,"PASQUOTANK","O",0
2015,"PASQUOTANK","W",0
2015,"PENDER","B",20.6185567010309
2015,"PENDER","H",0
2015,"PENDER","N",0
2015,"PENDER","O",0
2015,"PENDER","W",9.54653937947494
2015,"PERQUIMANS","B",0
2015,"PERQUIMANS","H",0
2015,"PERQUIMANS","W",0
2015,"PERSON","B",16.260162601626
2015,"PERSON","H",0
2015,"PERSON","N",0
2015,"PERSON","O",0
2015,"PERSON","W",0
2015,"PITT","B",18.4381778741866
2015,"PITT","H",0
2015,"PITT","N",0
2015,"PITT","O",18.8679245283019
2015,"PITT","W",2.98507462686567
2015,"POLK","B",0
2015,"POLK","H",0
2015,"POLK","O",0
2015,"POLK","W",8.62068965517241
2015,"RANDOLPH","B",10.8695652173913
2015,"RANDOLPH","H",7.09219858156028
2015,"RANDOLPH","N",0
2015,"RANDOLPH","O",0
2015,"RANDOLPH","W",8.8261253309797
2015,"RICHMOND","B",26.4550264550265
2015,"RICHMOND","H",0
2015,"RICHMOND","N",0
2015,"RICHMOND","O",0
2015,"RICHMOND","W",3.44827586206897
2015,"ROBESON","B",14.1843971631206
2015,"ROBESON","H",8
2015,"ROBESON","N",5.23560209424084
2015,"ROBESON","O",0
2015,"ROBESON","W",13.5135135135135
2015,"ROCKINGHAM","B",10.8695652173913
2015,"ROCKINGHAM","H",12.3456790123457
2015,"ROCKINGHAM","N",0
2015,"ROCKINGHAM","O",0
2015,"ROCKINGHAM","W",8
2015,"ROWAN","B",9.43396226415094
2015,"ROWAN","H",4.40528634361234
2015,"ROWAN","N",0
2015,"ROWAN","O",0
2015,"ROWAN","W",6.93069306930693
2015,"RUTHERFORD","B",25.3164556962025
2015,"RUTHERFORD","H",0
2015,"RUTHERFORD","N",0
2015,"RUTHERFORD","O",0
2015,"RUTHERFORD","W",5.46448087431694
2015,"SAMPSON","B",21.8579234972678
2015,"SAMPSON","H",0
2015,"SAMPSON","N",0
2015,"SAMPSON","O",0
2015,"SAMPSON","W",3.125
2015,"SCOTLAND","B",14.8514851485149
2015,"SCOTLAND","H",0
2015,"SCOTLAND","N",0
2015,"SCOTLAND","O",0
2015,"SCOTLAND","W",6.94444444444444
2015,"STANLY","B",34.4827586206897
2015,"STANLY","H",0
2015,"STANLY","N",0
2015,"STANLY","O",0
2015,"STANLY","W",6.07287449392713
2015,"STOKES","B",0
2015,"STOKES","H",0
2015,"STOKES","N",0
2015,"STOKES","O",0
2015,"STOKES","W",2.68096514745308
2015,"SURRY","B",0
2015,"SURRY","H",13.5135135135135
2015,"SURRY","N",0
2015,"SURRY","O",0
2015,"SURRY","W",5.38599640933573
2015,"SWAIN","H",0
2015,"SWAIN","N",12.3456790123457
2015,"SWAIN","W",0
2015,"TRANSYLVANIA","B",0
2015,"TRANSYLVANIA","H",0
2015,"TRANSYLVANIA","N",0
2015,"TRANSYLVANIA","O",0
2015,"TRANSYLVANIA","W",4.29184549356223
2015,"TYRELL","B",0
2015,"TYRELL","H",0
2015,"TYRELL","W",0
2015,"UNION","B",6.55737704918033
2015,"UNION","H",6.8649885583524
2015,"UNION","N",0
2015,"UNION","O",0
2015,"UNION","W",4.62962962962963
2015,"VANCE","B",0
2015,"VANCE","H",0
2015,"VANCE","N",0
2015,"VANCE","O",0
2015,"VANCE","W",7.09219858156028
2015,"WAKE","B",11.5102895012208
2015,"WAKE","H",4.5662100456621
2015,"WAKE","N",0
2015,"WAKE","O",3.57142857142857
2015,"WAKE","W",3.95836387626448
2015,"WARREN","B",8.92857142857143
2015,"WARREN","H",0
2015,"WARREN","N",0
2015,"WARREN","O",0
2015,"WARREN","W",20
2015,"WASHINGTON","B",28.169014084507
2015,"WASHINGTON","H",0
2015,"WASHINGTON","O",0
2015,"WASHINGTON","W",0
2015,"WATAUGA","B",333.333333333333
2015,"WATAUGA","H",0
2015,"WATAUGA","O",0
2015,"WATAUGA","W",6.32911392405063
2015,"WAYNE","B",15.2380952380952
2015,"WAYNE","H",3.07692307692308
2015,"WAYNE","N",0
2015,"WAYNE","O",0
2015,"WAYNE","W",5.35475234270415
2015,"WILKES","B",0
2015,"WILKES","H",20.8333333333333
2015,"WILKES","O",0
2015,"WILKES","W",5.17241379310345
2015,"WILSON","B",28.9855072463768
2015,"WILSON","H",0
2015,"WILSON","N",0
2015,"WILSON","O",0
2015,"WILSON","W",5.78034682080925
2015,"YANCEY","B",0
2015,"YANCEY","H",0
2015,"YANCEY","W",6.45161290322581
2016,"ALAMANCE","B",7.57575757575758
2016,"ALAMANCE","H",10.3092783505155
2016,"ALAMANCE","N",0
2016,"ALAMANCE","O",0
2016,"ALAMANCE","W",5.94059405940594
2016,"ALEXANDER","B",0
2016,"ALEXANDER","H",0
2016,"ALEXANDER","O",125
2016,"ALEXANDER","W",16.9491525423729
2016,"ALLEGHANY","B",0
2016,"ALLEGHANY","H",0
2016,"ALLEGHANY","W",0
2016,"ANSON","B",14.5985401459854
2016,"ANSON","H",0
2016,"ANSON","N",0
2016,"ANSON","O",0
2016,"ANSON","W",0
2016,"ASHE","B",0
2016,"ASHE","H",52.6315789473684
2016,"ASHE","O",0
2016,"ASHE","W",0
2016,"AVERY","H",0
2016,"AVERY","N",0
2016,"AVERY","O",0
2016,"AVERY","W",8.40336134453782
2016,"BEAUFORT","B",14.8148148148148
2016,"BEAUFORT","H",0
2016,"BEAUFORT","N",0
2016,"BEAUFORT","O",0
2016,"BEAUFORT","W",4.40528634361234
2016,"BERTIE","B",15.2671755725191
2016,"BERTIE","H",0
2016,"BERTIE","O",0
2016,"BERTIE","W",19.6078431372549
2016,"BRUNSWICK","B",15.2671755725191
2016,"BRUNSWICK","H",19.8019801980198
2016,"BRUNSWICK","N",0
2016,"BRUNSWICK","O",0
2016,"BRUNSWICK","W",6.97350069735007
2016,"BUNCOMBE","B",10.1010101010101
2016,"BUNCOMBE","H",12.9449838187702
2016,"BUNCOMBE","N",0
2016,"BUNCOMBE","O",0
2016,"BUNCOMBE","W",4.43349753694581
2016,"BURKE","B",0
2016,"BURKE","H",9.00900900900901
2016,"BURKE","N",0
2016,"BURKE","O",0
2016,"BURKE","W",5.97907324364723
2016,"CABARRUS","B",9.0702947845805
2016,"CABARRUS","H",2.3696682464455
2016,"CABARRUS","N",0
2016,"CABARRUS","O",0
2016,"CABARRUS","W",6.23268698060942
2016,"CALDWELL","B",0
2016,"CALDWELL","H",16.9491525423729
2016,"CALDWELL","N",0
2016,"CALDWELL","O",0
2016,"CALDWELL","W",4.25531914893617
2016,"CAMDEN","B",0
2016,"CAMDEN","N",0
2016,"CAMDEN","O",0
2016,"CAMDEN","W",0
2016,"CARTERET","B",58.8235294117647
2016,"CARTERET","H",0
2016,"CARTERET","N",0
2016,"CARTERET","O",0
2016,"CARTERET","W",4.43458980044346
2016,"CASWELL","B",0
2016,"CASWELL","H",0
2016,"CASWELL","O",0
2016,"CASWELL","W",0
2016,"CATAWBA","B",17.1428571428571
2016,"CATAWBA","H",3.4965034965035
2016,"CATAWBA","N",0
2016,"CATAWBA","O",7.69230769230769
2016,"CATAWBA","W",0.93984962406015
2016,"CHATHAM","B",26.6666666666667
2016,"CHATHAM","H",23.4375
2016,"CHATHAM","N",0
2016,"CHATHAM","O",0
2016,"CHATHAM","W",9.82800982800983
2016,"CHEROKEE","B",0
2016,"CHEROKEE","H",0
2016,"CHEROKEE","N",0
2016,"CHEROKEE","O",0
2016,"CHEROKEE","W",4.5045045045045
2016,"CHOWAN","B",0
2016,"CHOWAN","H",0
2016,"CHOWAN","W",0
2016,"CLAY","B",0
2016,"CLAY","H",0
2016,"CLAY","O",0
2016,"CLAY","W",0
2016,"CLEVELAND","B",7.90513833992095
2016,"CLEVELAND","H",41.6666666666667
2016,"CLEVELAND","N",0
2016,"CLEVELAND","O",0
2016,"CLEVELAND","W",9.56284153005464
2016,"COLUMBUS","B",16.1290322580645
2016,"COLUMBUS","H",0
2016,"COLUMBUS","N",0
2016,"COLUMBUS","O",500
2016,"COLUMBUS","W",6.17283950617284
2016,"CRAVEN","B",10.0334448160535
2016,"CRAVEN","H",7.04225352112676
2016,"CRAVEN","N",0
2016,"CRAVEN","O",12.3456790123457
2016,"CRAVEN","W",5.55555555555556
2016,"CUMBERLAND","B",15.3769841269841
2016,"CUMBERLAND","H",5.22193211488251
2016,"CUMBERLAND","N",0
2016,"CUMBERLAND","O",4.92610837438424
2016,"CUMBERLAND","W",7.34024179620035
2016,"CURRITUCK","B",0
2016,"CURRITUCK","H",0
2016,"CURRITUCK","O",0
2016,"CURRITUCK","W",0
2016,"DARE","B",0
2016,"DARE","H",0
2016,"DARE","O",0
2016,"DARE","W",0
2016,"DAVIDSON","B",21.2765957446809
2016,"DAVIDSON","H",19.7044334975369
2016,"DAVIDSON","N",0
2016,"DAVIDSON","O",0
2016,"DAVIDSON","W",5.97014925373134
2016,"DAVIE","B",0
2016,"DAVIE","H",0
2016,"DAVIE","O",0
2016,"DAVIE","W",2.9673590504451
2016,"DUPLIN","B",13.8888888888889
2016,"DUPLIN","H",7.35294117647059
2016,"DUPLIN","O",0
2016,"DUPLIN","W",0
2016,"DURHAM","B",12.8388017118402
2016,"DURHAM","H",2.07253886010363
2016,"DURHAM","N",0
2016,"DURHAM","O",7.04225352112676
2016,"DURHAM","W",3.05064063453325
2016,"EDGECOMBE","B",18.3246073298429
2016,"EDGECOMBE","H",26.3157894736842
2016,"EDGECOMBE","W",13.986013986014
2016,"FORSYTH","B",12.6475548060708
2016,"FORSYTH","H",13.0861504907306
2016,"FORSYTH","N",83.3333333333333
2016,"FORSYTH","O",0
2016,"FORSYTH","W",6.43086816720257
2016,"FRANKLIN","B",10.2564102564103
2016,"FRANKLIN","H",13.3333333333333
2016,"FRANKLIN","N",0
2016,"FRANKLIN","O",0
2016,"FRANKLIN","W",2.52525252525253
2016,"GASTON","B",6.19834710743802
2016,"GASTON","H",9.96677740863787
2016,"GASTON","N",0
2016,"GASTON","O",22.7272727272727
2016,"GASTON","W",4.78468899521531
2016,"GATES","B",0
2016,"GATES","H",0
2016,"GATES","O",1000
2016,"GATES","W",0
2016,"GRAHAM","B",0
2016,"GRAHAM","H",0
2016,"GRAHAM","N",0
2016,"GRAHAM","W",0
2016,"GRANVILLE","B",12.1212121212121
2016,"GRANVILLE","H",14.0845070422535
2016,"GRANVILLE","N",0
2016,"GRANVILLE","O",0
2016,"GRANVILLE","W",3.18471337579618
2016,"GREENE","B",31.25
2016,"GREENE","H",19.2307692307692
2016,"GREENE","O",0
2016,"GREENE","W",0
2016,"GUILFORD","B",14.7881694644285
2016,"GUILFORD","H",6.05326876513317
2016,"GUILFORD","N",0
2016,"GUILFORD","O",6.35593220338983
2016,"GUILFORD","W",2.92397660818713
2016,"HALIFAX","B",12.012012012012
2016,"HALIFAX","H",43.4782608695652
2016,"HALIFAX","N",0
2016,"HALIFAX","O",0
2016,"HALIFAX","W",11.2359550561798
2016,"HARNETT","B",10.8991825613079
2016,"HARNETT","H",6.6006600660066
2016,"HARNETT","N",0
2016,"HARNETT","O",0
2016,"HARNETT","W",4.43655723158829
2016,"HAYWOOD","B",0
2016,"HAYWOOD","H",34.4827586206897
2016,"HAYWOOD","N",0
2016,"HAYWOOD","O",166.666666666667
2016,"HAYWOOD","W",8.86524822695035
2016,"HENDERSON","B",23.8095238095238
2016,"HENDERSON","H",14.2857142857143
2016,"HENDERSON","N",0
2016,"HENDERSON","O",0
2016,"HENDERSON","W",2.49687890137328
2016,"HERTFORD","B",21.4285714285714
2016,"HERTFORD","H",0
2016,"HERTFORD","N",0
2016,"HERTFORD","O",0
2016,"HERTFORD","W",0
2016,"HOKE","B",0
2016,"HOKE","H",0
2016,"HOKE","N",0
2016,"HOKE","O",0
2016,"HOKE","W",6.46551724137931
2016,"HYDE","B",0
2016,"HYDE","H",0
2016,"HYDE","W",0
2016,"IREDELL","B",9.9009900990099
2016,"IREDELL","H",8.81057268722467
2016,"IREDELL","N",0
2016,"IREDELL","O",0
2016,"IREDELL","W",8.46805234795997
2016,"JACKSON","B",0
2016,"JACKSON","H",25.6410256410256
2016,"JACKSON","N",27.3972602739726
2016,"JACKSON","O",0
2016,"JACKSON","W",7.54716981132075
2016,"JOHNSTON","B",11.2044817927171
2016,"JOHNSTON","H",8.81057268722467
2016,"JOHNSTON","N",0
2016,"JOHNSTON","O",0
2016,"JOHNSTON","W",4.7554347826087
2016,"JONES","B",0
2016,"JONES","H",0
2016,"JONES","W",0
2016,"LEE","B",11.9760479041916
2016,"LEE","H",4.25531914893617
2016,"LEE","N",0
2016,"LEE","O",0
2016,"LEE","W",7.7319587628866
2016,"LENOIR","B",6.66666666666667
2016,"LENOIR","H",12.3456790123457
2016,"LENOIR","N",0
2016,"LENOIR","O",0
2016,"LENOIR","W",7.90513833992095
2016,"LINCOLN","B",63.8297872340425
2016,"LINCOLN","H",0
2016,"LINCOLN","O",0
2016,"LINCOLN","W",1.48367952522255
2016,"MACON","B",0
2016,"MACON","H",0
2016,"MACON","N",0
2016,"MACON","O",0
2016,"MACON","W",15.8102766798419
2016,"MADISON","B",0
2016,"MADISON","H",0
2016,"MADISON","O",0
2016,"MADISON","W",5.29100529100529
2016,"MARTIN","B",0
2016,"MARTIN","H",0
2016,"MARTIN","N",0
2016,"MARTIN","W",20.2020202020202
2016,"McDOWELL","B",0
2016,"McDOWELL","H",0
2016,"McDOWELL","N",0
2016,"McDOWELL","O",0
2016,"McDOWELL","W",7.7319587628866
2016,"MECKLENBURG","B",13.9216106232598
2016,"MECKLENBURG","H",4.0650406504065
2016,"MECKLENBURG","N",0
2016,"MECKLENBURG","O",7.20461095100864
2016,"MECKLENBURG","W",2.94831772459244
2016,"MITCHELL","B",0
2016,"MITCHELL","H",0
2016,"MITCHELL","O",0
2016,"MITCHELL","W",0
2016,"MONTGOMERY","B",27.7777777777778
2016,"MONTGOMERY","H",0
2016,"MONTGOMERY","O",0
2016,"MONTGOMERY","W",11.5606936416185
2016,"MOORE","B",13.986013986014
2016,"MOORE","H",9.25925925925926
2016,"MOORE","N",0
2016,"MOORE","O",0
2016,"MOORE","W",4.84261501210654
2016,"NASH","B",13.215859030837
2016,"NASH","H",0
2016,"NASH","N",0
2016,"NASH","O",0
2016,"NASH","W",9.41176470588235
2016,"NEW HANOVER","B",16.5289256198347
2016,"NEW HANOVER","H",0
2016,"NEW HANOVER","N",0
2016,"NEW HANOVER","O",0
2016,"NEW HANOVER","W",5.82901554404145
2016,"NORTHAMPTON","B",23.0769230769231
2016,"NORTHAMPTON","H",0
2016,"NORTHAMPTON","O",0
2016,"NORTHAMPTON","W",0
2016,"ONSLOW","B",18.7891440501044
2016,"ONSLOW","H",1.83150183150183
2016,"ONSLOW","N",0
2016,"ONSLOW","O",10.2040816326531
2016,"ONSLOW","W",5.72655690765927
2016,"ORANGE","B",13.1578947368421
2016,"ORANGE","H",15.3846153846154
2016,"ORANGE","N",0
2016,"ORANGE","O",0
2016,"ORANGE","W",1.45772594752187
2016,"PAMLICO","B",0
2016,"PAMLICO","H",0
2016,"PAMLICO","N",0
2016,"PAMLICO","O",0
2016,"PAMLICO","W",0
2016,"PASQUOTANK","B",0
2016,"PASQUOTANK","H",25.6410256410256
2016,"PASQUOTANK","N",0
2016,"PASQUOTANK","O",0
2016,"PASQUOTANK","W",8.62068965517241
2016,"PENDER","B",21.2765957446809
2016,"PENDER","H",11.4942528735632
2016,"PENDER","N",0
2016,"PENDER","O",0
2016,"PENDER","W",6.57894736842105
2016,"PERQUIMANS","B",0
2016,"PERQUIMANS","H",0
2016,"PERQUIMANS","O",0
2016,"PERQUIMANS","W",0
2016,"PERSON","B",8.40336134453782
2016,"PERSON","H",0
2016,"PERSON","N",0
2016,"PERSON","O",0
2016,"PERSON","W",4.149377593361
2016,"PITT","B",19.7444831591173
2016,"PITT","H",5.88235294117647
2016,"PITT","N",0
2016,"PITT","O",0
2016,"PITT","W",8.72410032715376
2016,"POLK","B",0
2016,"POLK","H",0
2016,"POLK","O",0
2016,"POLK","W",8.84955752212389
2016,"RANDOLPH","B",22.5563909774436
2016,"RANDOLPH","H",6.66666666666667
2016,"RANDOLPH","N",0
2016,"RANDOLPH","O",0
2016,"RANDOLPH","W",9.9009900990099
2016,"RICHMOND","B",10.8108108108108
2016,"RICHMOND","H",0
2016,"RICHMOND","N",0
2016,"RICHMOND","O",0
2016,"RICHMOND","W",12
2016,"ROBESON","B",7.89473684210526
2016,"ROBESON","H",3.66300366300366
2016,"ROBESON","N",7.9155672823219
2016,"ROBESON","O",0
2016,"ROBESON","W",3.05810397553517
2016,"ROCKINGHAM","B",27.3224043715847
2016,"ROCKINGHAM","H",0
2016,"ROCKINGHAM","N",0
2016,"ROCKINGHAM","O",0
2016,"ROCKINGHAM","W",10.8359133126935
2016,"ROWAN","B",16.8918918918919
2016,"ROWAN","H",4.60829493087558
2016,"ROWAN","N",0
2016,"ROWAN","O",0
2016,"ROWAN","W",7.2992700729927
2016,"RUTHERFORD","B",0
2016,"RUTHERFORD","H",0
2016,"RUTHERFORD","N",0
2016,"RUTHERFORD","O",250
2016,"RUTHERFORD","W",3.81679389312977
2016,"SAMPSON","B",10.2564102564103
2016,"SAMPSON","H",0
2016,"SAMPSON","N",0
2016,"SAMPSON","O",133.333333333333
2016,"SAMPSON","W",6.06060606060606
2016,"SCOTLAND","B",9.52380952380953
2016,"SCOTLAND","H",0
2016,"SCOTLAND","N",24.0963855421687
2016,"SCOTLAND","O",0
2016,"SCOTLAND","W",0
2016,"STANLY","B",20.8333333333333
2016,"STANLY","H",0
2016,"STANLY","N",0
2016,"STANLY","O",0
2016,"STANLY","W",3.89105058365759
2016,"STOKES","B",0
2016,"STOKES","H",0
2016,"STOKES","O",333.333333333333
2016,"STOKES","W",8.90207715133531
2016,"SURRY","B",0
2016,"SURRY","H",0
2016,"SURRY","N",0
2016,"SURRY","O",0
2016,"SURRY","W",7.46268656716418
2016,"SWAIN","B",0
2016,"SWAIN","H",0
2016,"SWAIN","N",0
2016,"SWAIN","O",0
2016,"SWAIN","W",0
2016,"TRANSYLVANIA","B",0
2016,"TRANSYLVANIA","H",0
2016,"TRANSYLVANIA","N",0
2016,"TRANSYLVANIA","O",0
2016,"TRANSYLVANIA","W",0
2016,"TYRELL","B",0
2016,"TYRELL","H",0
2016,"TYRELL","W",0
2016,"UNION","B",9.67741935483871
2016,"UNION","H",6.81818181818182
2016,"UNION","N",0
2016,"UNION","O",14.9253731343284
2016,"UNION","W",3.15656565656566
2016,"VANCE","B",10.5633802816901
2016,"VANCE","H",0
2016,"VANCE","N",0
2016,"VANCE","O",0
2016,"VANCE","W",0
2016,"WAKE","B",13.768115942029
2016,"WAKE","H",3.48432055749129
2016,"WAKE","N",0
2016,"WAKE","O",3.83435582822086
2016,"WAKE","W",3.06122448979592
2016,"WARREN","B",9.61538461538462
2016,"WARREN","H",0
2016,"WARREN","N",125
2016,"WARREN","O",0
2016,"WARREN","W",0
2016,"WASHINGTON","B",12.3456790123457
2016,"WASHINGTON","H",0
2016,"WASHINGTON","W",54.0540540540541
2016,"WATAUGA","B",0
2016,"WATAUGA","H",0
2016,"WATAUGA","N",0
2016,"WATAUGA","O",0
2016,"WATAUGA","W",3.04878048780488
2016,"WAYNE","B",10.3950103950104
2016,"WAYNE","H",6.36942675159236
2016,"WAYNE","N",0
2016,"WAYNE","O",0
2016,"WAYNE","W",2.51256281407035
2016,"WILKES","B",50
2016,"WILKES","H",13.1578947368421
2016,"WILKES","O",0
2016,"WILKES","W",8.60585197934595
2016,"WILSON","B",10.6666666666667
2016,"WILSON","H",5.58659217877095
2016,"WILSON","N",0
2016,"WILSON","O",0
2016,"WILSON","W",5.27704485488127
2016,"YANCEY","B",0
2016,"YANCEY","H",0
2016,"YANCEY","W",0
